correlation_penalty_coefficient,ensemble_size,epoch_num,learning_rate,hidden_size,loss_test,diversity_coefficient_test
0.0,2,400,0.001,[2],0.11009893286973238,0.00469979690387845
0.0,2,400,0.001,"[2, 2, 2]",0.15389513038098812,0.00815586093813181
0.0,2,400,0.001,"[2, 2, 2, 2, 2, 2]",0.20320254564285278,0.006152709946036339
0.0,2,400,0.001,[6],0.06385727738961577,0.001101587899029255
0.0,2,400,0.001,[12],0.06498370971530676,0.001150492811575532
0.0,4,400,0.001,[2],0.18189271911978722,0.006014453247189522
0.0,4,400,0.001,"[2, 2, 2]",0.19156472757458687,0.005910183768719435
0.0,4,400,0.001,"[2, 2, 2, 2, 2, 2]",0.20103111304342747,0.0014160993741825223
0.0,4,400,0.001,[6],0.07845647446811199,0.0024608371313661337
0.0,4,400,0.001,[12],0.06560921482741833,0.0016936090542003512
0.0,6,400,0.001,[2],0.13606134988367558,0.0030607199296355247
0.0,6,400,0.001,"[2, 2, 2]",0.17061076499521732,0.00975502748042345
0.0,6,400,0.001,"[2, 2, 2, 2, 2, 2]",0.22197909466922283,0.008925747126340866
0.0,6,400,0.001,[6],0.07665977347642183,0.004575536120682955
0.0,6,400,0.001,[12],0.04281363729387522,0.002438491676002741
0.0,8,400,0.001,[2],0.13665373623371124,0.007437602151185274
0.0,8,400,0.001,"[2, 2, 2]",0.14950651116669178,0.00966647919267416
0.0,8,400,0.001,"[2, 2, 2, 2, 2, 2]",0.18606280395761132,0.0005182516761124134
0.0,8,400,0.001,[6],0.0794476242735982,0.0028862771578133106
0.0,8,400,0.001,[12],0.04622882232069969,0.001896702335216105
0.0,10,400,0.001,[2],0.11027438659220934,0.007232776843011379
0.0,10,400,0.001,"[2, 2, 2]",0.2004157118499279,0.008135541342198849
0.0,10,400,0.001,"[2, 2, 2, 2, 2, 2]",0.19524594582617283,0.011846344918012619
0.0,10,400,0.001,[6],0.08982671983540058,0.00494642648845911
0.0,10,400,0.001,[12],0.04835413955152035,0.0020929034799337387
0.0,12,400,0.001,[2],0.15388215333223343,0.0063703423365950584
0.0,12,400,0.001,"[2, 2, 2]",0.19660794734954834,0.007778984494507313
0.0,12,400,0.001,"[2, 2, 2, 2, 2, 2]",0.1914574783295393,0.0034714879002422094
0.0,12,400,0.001,[6],0.0695038940757513,0.003190052229911089
0.0,12,400,0.001,[12],0.04519608337432146,0.0019442784832790494
0.0,14,400,0.001,[2],0.1807149276137352,0.008571864105761051
0.0,14,400,0.001,"[2, 2, 2]",0.1549752615392208,0.011220286600291729
0.0,14,400,0.001,"[2, 2, 2, 2, 2, 2]",0.23822549730539322,0.003626124933362007
0.0,14,400,0.001,[6],0.05859064601827413,0.0033322987146675587
0.0,14,400,0.001,[12],0.053571262396872044,0.002090116962790489
0.0,16,400,0.001,[2],0.11768136080354452,0.008048994466662407
0.0,16,400,0.001,"[2, 2, 2]",0.18695944547653198,0.01105531957000494
0.0,16,400,0.001,"[2, 2, 2, 2, 2, 2]",0.2572624422609806,0.001612432999536395
0.0,16,400,0.001,[6],0.08562589064240456,0.002973718335852027
0.0,16,400,0.001,[12],0.05664000194519758,0.0023804798256605864
0.1,2,400,0.001,[2],0.11133888270705938,0.008058702573180199
0.1,2,400,0.001,"[2, 2, 2]",0.15285971201956272,0.01155111100524664
0.1,2,400,0.001,"[2, 2, 2, 2, 2, 2]",0.19536666944622993,5.363874606700847e-06
0.1,2,400,0.001,[6],0.07378873229026794,0.0037098550237715244
0.1,2,400,0.001,[12],0.050861922558397055,0.0009991814149543643
0.1,4,400,0.001,[2],0.12215803749859333,0.007572497241199017
0.1,4,400,0.001,"[2, 2, 2]",0.2500311750918627,0.007491187658160925
0.1,4,400,0.001,"[2, 2, 2, 2, 2, 2]",0.24444421380758286,0.00649105804041028
0.1,4,400,0.001,[6],0.05360297951847315,0.0030525904148817062
0.1,4,400,0.001,[12],0.04596379119902849,0.0012992611154913902
0.1,6,400,0.001,[2],0.10007110983133316,0.005193313118070364
0.1,6,400,0.001,"[2, 2, 2]",0.14556262828409672,0.01496233232319355
0.1,6,400,0.001,"[2, 2, 2, 2, 2, 2]",0.24648549407720566,0.0031787187326699495
0.1,6,400,0.001,[6],0.05720066139474511,0.0047624302096664906
0.1,6,400,0.001,[12],0.04605223750695586,0.0017294998979195952
0.1,8,400,0.001,[2],0.11044381884858012,0.006140230223536491
0.1,8,400,0.001,"[2, 2, 2]",0.14348427020013332,0.017957670614123344
0.1,8,400,0.001,"[2, 2, 2, 2, 2, 2]",0.22258562967181206,0.004131691064685583
0.1,8,400,0.001,[6],0.06691403314471245,0.0030605553183704615
0.1,8,400,0.001,[12],0.05062532564625144,0.0016991354059427977
0.1,10,400,0.001,[2],0.1267237663269043,0.008714922703802586
0.1,10,400,0.001,"[2, 2, 2]",0.16947421617805958,0.012208041734993458
0.1,10,400,0.001,"[2, 2, 2, 2, 2, 2]",0.1823284737765789,0.005920393392443657
0.1,10,400,0.001,[6],0.06384323566453531,0.003927926998585463
0.1,10,400,0.001,[12],0.04906889144331217,0.001437752740457654
0.1,12,400,0.001,[2],0.11688738036900759,0.00784707348793745
0.1,12,400,0.001,"[2, 2, 2]",0.12841501645743847,0.017154911532998085
0.1,12,400,0.001,"[2, 2, 2, 2, 2, 2]",0.19225791841745377,0.0076260981149971485
0.1,12,400,0.001,[6],0.08417754340916872,0.003911165054887533
0.1,12,400,0.001,[12],0.03692273423075676,0.0016993260942399502
0.1,14,400,0.001,[2],0.1191362701356411,0.008139225654304028
0.1,14,400,0.001,"[2, 2, 2]",0.1459531243890524,0.018500493839383125
0.1,14,400,0.001,"[2, 2, 2, 2, 2, 2]",0.23815760388970375,0.00891413539648056
0.1,14,400,0.001,[6],0.06175991101190448,0.004815022926777601
0.1,14,400,0.001,[12],0.051246022805571556,0.0014425613917410374
0.1,16,400,0.001,[2],0.1581512615084648,0.00806795060634613
0.1,16,400,0.001,"[2, 2, 2]",0.13733420334756374,0.012310252524912357
0.1,16,400,0.001,"[2, 2, 2, 2, 2, 2]",0.1712634228169918,0.01361397560685873
0.1,16,400,0.001,[6],0.08288164995610714,0.0048232669942080975
0.1,16,400,0.001,[12],0.043449099175632,0.001941438065841794
0.2,2,400,0.001,[2],0.1849179994314909,0.003504398977383971
0.2,2,400,0.001,"[2, 2, 2]",0.14307697769254446,0.011104410514235497
0.2,2,400,0.001,"[2, 2, 2, 2, 2, 2]",0.2006868850439787,3.459057097643381e-06
0.2,2,400,0.001,[6],0.05580368428491056,0.005226146429777145
0.2,2,400,0.001,[12],0.03574808069970459,0.002353547140955925
0.2,4,400,0.001,[2],0.14825267530977726,0.022936681285500526
0.2,4,400,0.001,"[2, 2, 2]",0.12669737637043,0.02000361867249012
0.2,4,400,0.001,"[2, 2, 2, 2, 2, 2]",0.2793939858675003,0.0033713490702211857
0.2,4,400,0.001,[6],0.07566883135586977,0.007045874372124672
0.2,4,400,0.001,[12],0.05312980152666569,0.00474867969751358
0.2,6,400,0.001,[2],0.11947077326476574,0.0075676036067306995
0.2,6,400,0.001,"[2, 2, 2]",0.147159144282341,0.01415012963116169
0.2,6,400,0.001,"[2, 2, 2, 2, 2, 2]",0.20046362467110157,0.0001985061535378918
0.2,6,400,0.001,[6],0.05001377919688821,0.004518173635005951
0.2,6,400,0.001,[12],0.038452370557934046,0.0018251935252919793
0.2,8,400,0.001,[2],0.09659571317024529,0.009753038175404072
0.2,8,400,0.001,"[2, 2, 2]",0.14393727108836174,0.011086173355579376
0.2,8,400,0.001,"[2, 2, 2, 2, 2, 2]",0.21725459769368172,0.0032023342791944742
0.2,8,400,0.001,[6],0.05634478200227022,0.0026110089384019375
0.2,8,400,0.001,[12],0.04213583702221513,0.0020264333579689264
0.2,10,400,0.001,[2],0.11317304708063602,0.007774424739181995
0.2,10,400,0.001,"[2, 2, 2]",0.19295414723455906,0.013218128122389317
0.2,10,400,0.001,"[2, 2, 2, 2, 2, 2]",0.18368692137300968,0.004669045563787222
0.2,10,400,0.001,[6],0.050123968976549804,0.004749005194753408
0.2,10,400,0.001,[12],0.048841990530490875,0.0032779048196971416
0.2,12,400,0.001,[2],0.09557431470602751,0.008716818876564503
0.2,12,400,0.001,"[2, 2, 2]",0.15549732372164726,0.012560084462165833
0.2,12,400,0.001,"[2, 2, 2, 2, 2, 2]",0.21371235698461533,0.004470068961381912
0.2,12,400,0.001,[6],0.08730758354067802,0.004626700654625893
0.2,12,400,0.001,[12],0.039025298319756985,0.0021432703360915184
0.2,14,400,0.001,[2],0.14765094593167305,0.008535111322999
0.2,14,400,0.001,"[2, 2, 2]",0.176582220941782,0.011762481182813644
0.2,14,400,0.001,"[2, 2, 2, 2, 2, 2]",0.23233401589095592,0.017884045839309692
0.2,14,400,0.001,[6],0.054740934167057276,0.004297267179936171
0.2,14,400,0.001,[12],0.03783106943592429,0.00221303291618824
0.2,16,400,0.001,[2],0.1442854106426239,0.007337401155382395
0.2,16,400,0.001,"[2, 2, 2]",0.15789558738470078,0.021173814311623573
0.2,16,400,0.001,"[2, 2, 2, 2, 2, 2]",0.20690106600522995,0.002373182913288474
0.2,16,400,0.001,[6],0.05240924563258886,0.002867941977456212
0.2,16,400,0.001,[12],0.043553764931857586,0.002164858626201749
0.3,2,400,0.001,[2],0.09623625595122576,0.006447772029787302
0.3,2,400,0.001,"[2, 2, 2]",0.15378862246870995,0.027942966669797897
0.3,2,400,0.001,"[2, 2, 2, 2, 2, 2]",0.13732613995671272,0.014615844003856182
0.3,2,400,0.001,[6],0.049965531565248966,0.0059846979565918446
0.3,2,400,0.001,[12],0.03825804777443409,0.0014623120659962296
0.3,4,400,0.001,[2],0.12148236948996782,0.005149116273969412
0.3,4,400,0.001,"[2, 2, 2]",0.18203319795429707,0.010767129249870777
0.3,4,400,0.001,"[2, 2, 2, 2, 2, 2]",0.20274021476507187,0.014351404272019863
0.3,4,400,0.001,[6],0.046894213650375605,0.006302943453192711
0.3,4,400,0.001,[12],0.03906852658838034,0.0038672953378409147
0.3,6,400,0.001,[2],0.15120740979909897,0.011934627778828144
0.3,6,400,0.001,"[2, 2, 2]",0.18035797402262688,0.01007876917719841
0.3,6,400,0.001,"[2, 2, 2, 2, 2, 2]",0.16381950490176678,0.0576089508831501
0.3,6,400,0.001,[6],0.06119886785745621,0.009005206637084484
0.3,6,400,0.001,[12],0.03824563883244991,0.0026672950480133295
0.3,8,400,0.001,[2],0.09840299934148788,0.00825369730591774
0.3,8,400,0.001,"[2, 2, 2]",0.11433476861566305,0.03104465641081333
0.3,8,400,0.001,"[2, 2, 2, 2, 2, 2]",0.18940019980072975,0.013065231032669544
0.3,8,400,0.001,[6],0.04134479770436883,0.004135034047067165
0.3,8,400,0.001,[12],0.032110459404066205,0.001991117838770151
0.3,10,400,0.001,[2],0.10551958344876766,0.010154779069125652
0.3,10,400,0.001,"[2, 2, 2]",0.15579707734286785,0.017054148018360138
0.3,10,400,0.001,"[2, 2, 2, 2, 2, 2]",0.2004819829016924,0.04455150291323662
0.3,10,400,0.001,[6],0.04516867082566023,0.004335209261626005
0.3,10,400,0.001,[12],0.04759332071989775,0.0027465331368148327
0.3,12,400,0.001,[2],0.13941149786114693,0.010792608372867107
0.3,12,400,0.001,"[2, 2, 2]",0.1529979333281517,0.017412589862942696
0.3,12,400,0.001,"[2, 2, 2, 2, 2, 2]",0.16988207958638668,0.010658175684511662
0.3,12,400,0.001,[6],0.05714768264442682,0.0043070088140666485
0.3,12,400,0.001,[12],0.03553729364648461,0.002447160193696618
0.3,14,400,0.001,[2],0.10432624537497759,0.012584333308041096
0.3,14,400,0.001,"[2, 2, 2]",0.1390345674008131,0.016669103875756264
0.3,14,400,0.001,"[2, 2, 2, 2, 2, 2]",0.21754610538482666,0.0039028299506753683
0.3,14,400,0.001,[6],0.05630306259263307,0.005793810356408358
0.3,14,400,0.001,[12],0.0324293770827353,0.001943841576576233
0.3,16,400,0.001,[2],0.14053434878587723,0.01181704644113779
0.3,16,400,0.001,"[2, 2, 2]",0.13778419978916645,0.021068025380373
0.3,16,400,0.001,"[2, 2, 2, 2, 2, 2]",0.18095888197422028,0.008791539818048477
0.3,16,400,0.001,[6],0.0422524472232908,0.004601054824888706
0.3,16,400,0.001,[12],0.03563042893074453,0.0026123947463929653
0.4,2,400,0.001,[2],0.17727982625365257,0.007250729948282242
0.4,2,400,0.001,"[2, 2, 2]",0.17900485917925835,0.01486208289861679
0.4,2,400,0.001,"[2, 2, 2, 2, 2, 2]",0.13140485156327486,0.020759161561727524
0.4,2,400,0.001,[6],0.04720609076321125,0.002921574516221881
0.4,2,400,0.001,[12],0.04205955209909007,0.0017112729838117957
0.4,4,400,0.001,[2],0.12018507905304432,0.009141182526946068
0.4,4,400,0.001,"[2, 2, 2]",0.09974877163767815,0.020931178703904152
0.4,4,400,0.001,"[2, 2, 2, 2, 2, 2]",0.17547237500548363,0.012570698745548725
0.4,4,400,0.001,[6],0.046358448918908834,0.0037385355681180954
0.4,4,400,0.001,[12],0.05299118533730507,0.009650577791035175
0.4,6,400,0.001,[2],0.12787757255136967,0.009433900006115437
0.4,6,400,0.001,"[2, 2, 2]",0.09394367295317352,0.021442964673042297
0.4,6,400,0.001,"[2, 2, 2, 2, 2, 2]",0.20543696358799934,0.00183295295573771
0.4,6,400,0.001,[6],0.04061743803322315,0.005439473316073418
0.4,6,400,0.001,[12],0.028752004611305892,0.0019368520006537437
0.4,8,400,0.001,[2],0.10128309763967991,0.013699190691113472
0.4,8,400,0.001,"[2, 2, 2]",0.12397095002233982,0.01930462382733822
0.4,8,400,0.001,"[2, 2, 2, 2, 2, 2]",0.20425274223089218,0.001664535142481327
0.4,8,400,0.001,[6],0.05430567869916558,0.011046655476093292
0.4,8,400,0.001,[12],0.02936557005159557,0.0034961914643645287
0.4,10,400,0.001,[2],0.1164231151342392,0.015559213235974312
0.4,10,400,0.001,"[2, 2, 2]",0.15999702736735344,0.020822910591959953
0.4,10,400,0.001,"[2, 2, 2, 2, 2, 2]",0.2060505710542202,0.0520661361515522
0.4,10,400,0.001,[6],0.03435667004669085,0.007346400059759617
0.4,10,400,0.001,[12],0.09732975251972675,0.006915117148309946
0.4,12,400,0.001,[2],0.14157059416174889,0.010780876502394676
0.4,12,400,0.001,"[2, 2, 2]",0.12358651589602232,0.018843745812773705
0.4,12,400,0.001,"[2, 2, 2, 2, 2, 2]",0.22019422240555286,0.012886258773505688
0.4,12,400,0.001,[6],0.046814439818263054,0.007664064411073923
0.4,12,400,0.001,[12],0.03483436259557493,0.0051742359064519405
0.4,14,400,0.001,[2],0.12001307494938374,0.012112357653677464
0.4,14,400,0.001,"[2, 2, 2]",0.15138491429388523,0.02472766302525997
0.4,14,400,0.001,"[2, 2, 2, 2, 2, 2]",0.166421789675951,0.018373744562268257
0.4,14,400,0.001,[6],0.03791448031552136,0.007767471484839916
0.4,14,400,0.001,[12],0.028216324979439378,0.003480588085949421
0.4,16,400,0.001,[2],0.09554946050047874,0.016614645719528198
0.4,16,400,0.001,"[2, 2, 2]",0.16586876660585403,0.026364272460341454
0.4,16,400,0.001,"[2, 2, 2, 2, 2, 2]",0.19099698960781097,0.006728752516210079
0.4,16,400,0.001,[6],0.04836939787492156,0.005252765491604805
0.4,16,400,0.001,[12],0.03196261264383793,0.0027092485688626766
0.5,2,400,0.001,[2],0.1721456665545702,0.01563754305243492
0.5,2,400,0.001,"[2, 2, 2]",0.14554597064852715,0.015717418864369392
0.5,2,400,0.001,"[2, 2, 2, 2, 2, 2]",0.18134566769003868,0.016047779470682144
0.5,2,400,0.001,[6],0.038416117895394564,0.007166080176830292
0.5,2,400,0.001,[12],0.038411603309214115,0.0036741355434060097
0.5,4,400,0.001,[2],0.08375750668346882,0.015345553867518902
0.5,4,400,0.001,"[2, 2, 2]",0.13220980251207948,0.02145165391266346
0.5,4,400,0.001,"[2, 2, 2, 2, 2, 2]",0.28074410930275917,0.014839827083051205
0.5,4,400,0.001,[6],0.030660794815048575,0.004915684927254915
0.5,4,400,0.001,[12],0.059052796103060246,0.005683439783751965
0.5,6,400,0.001,[2],0.06966186547651887,0.019509613513946533
0.5,6,400,0.001,"[2, 2, 2]",0.1610278431326151,0.027225244790315628
0.5,6,400,0.001,"[2, 2, 2, 2, 2, 2]",0.19033302925527096,0.0027126616332679987
0.5,6,400,0.001,[6],0.03864826215431094,0.006604915019124746
0.5,6,400,0.001,[12],0.028331813402473927,0.005084601230919361
0.5,8,400,0.001,[2],0.09239930100739002,0.012519296258687973
0.5,8,400,0.001,"[2, 2, 2]",0.12556374818086624,0.02740955352783203
0.5,8,400,0.001,"[2, 2, 2, 2, 2, 2]",0.18587145674973726,0.004144288599491119
0.5,8,400,0.001,[6],0.054670083336532116,0.011540832929313183
0.5,8,400,0.001,[12],0.05386767163872719,0.005991247482597828
0.5,10,400,0.001,[2],0.10555430874228477,0.015885282307863235
0.5,10,400,0.001,"[2, 2, 2]",0.15964226052165031,0.030106669291853905
0.5,10,400,0.001,"[2, 2, 2, 2, 2, 2]",0.1448777848854661,0.019149616360664368
0.5,10,400,0.001,[6],0.04722063709050417,0.008603689260780811
0.5,10,400,0.001,[12],0.029835157096385956,0.0038408341351896524
0.5,12,400,0.001,[2],0.0709140133112669,0.01867382414638996
0.5,12,400,0.001,"[2, 2, 2]",0.13830830715596676,0.0710848942399025
0.5,12,400,0.001,"[2, 2, 2, 2, 2, 2]",0.2119564563035965,0.010807843878865242
0.5,12,400,0.001,[6],0.03497272124513984,0.007184829097241163
0.5,12,400,0.001,[12],0.041248117107898,0.006643394008278847
0.5,14,400,0.001,[2],0.07786889746785164,0.010823827236890793
0.5,14,400,0.001,"[2, 2, 2]",0.09728476498275995,0.042664214968681335
0.5,14,400,0.001,"[2, 2, 2, 2, 2, 2]",0.16782894916832447,0.016959358006715775
0.5,14,400,0.001,[6],0.03642613207921386,0.006094527430832386
0.5,14,400,0.001,[12],0.02657054935116321,0.004406512249261141
0.5,16,400,0.001,[2],0.09599551372230053,0.02191653847694397
0.5,16,400,0.001,"[2, 2, 2]",0.1529662385582924,0.024965204298496246
0.5,16,400,0.001,"[2, 2, 2, 2, 2, 2]",0.15846881456673145,0.04950524494051933
0.5,16,400,0.001,[6],0.04465086106210947,0.010636617429554462
0.5,16,400,0.001,[12],0.03638710454106331,0.006062035448849201
0.6,2,400,0.001,[2],0.06530617200769484,0.0071672131307423115
0.6,2,400,0.001,"[2, 2, 2]",0.11620938591659069,0.026515688747167587
0.6,2,400,0.001,"[2, 2, 2, 2, 2, 2]",0.2957398146390915,2.0560573830152862e-05
0.6,2,400,0.001,[6],0.0550170736387372,0.006536419503390789
0.6,2,400,0.001,[12],0.03531960537657142,0.004305610898882151
0.6,4,400,0.001,[2],0.09338545240461826,0.008894795551896095
0.6,4,400,0.001,"[2, 2, 2]",0.19673341140151024,0.01352058444172144
0.6,4,400,0.001,"[2, 2, 2, 2, 2, 2]",0.16312396340072155,0.025816377252340317
0.6,4,400,0.001,[6],0.04262955440208316,0.009824944660067558
0.6,4,400,0.001,[12],0.026451986166648567,0.005349417682737112
0.6,6,400,0.001,[2],0.11090014316141605,0.020117582753300667
0.6,6,400,0.001,"[2, 2, 2]",0.15434362553060055,0.024386340752243996
0.6,6,400,0.001,"[2, 2, 2, 2, 2, 2]",0.1341704586520791,0.035605307668447495
0.6,6,400,0.001,[6],0.03460679994896054,0.010344726033508778
0.6,6,400,0.001,[12],0.034816435538232327,0.0036946635227650404
0.6,8,400,0.001,[2],0.06939594261348248,0.019956443458795547
0.6,8,400,0.001,"[2, 2, 2]",0.08199095074087381,0.0365387462079525
0.6,8,400,0.001,"[2, 2, 2, 2, 2, 2]",0.18432693555951118,0.012523312121629715
0.6,8,400,0.001,[6],0.03820093581452966,0.007194186095148325
0.6,8,400,0.001,[12],0.03667312115430832,0.004826975986361504
0.6,10,400,0.001,[2],0.08539710752665997,0.021053791046142578
0.6,10,400,0.001,"[2, 2, 2]",0.13879062049090862,0.031019652262330055
0.6,10,400,0.001,"[2, 2, 2, 2, 2, 2]",0.15187619160860777,0.02313881553709507
0.6,10,400,0.001,[6],0.03500217560213059,0.008581919595599174
0.6,10,400,0.001,[12],0.04104786645621061,0.006515143439173698
0.6,12,400,0.001,[2],0.0895643224939704,0.021979747340083122
0.6,12,400,0.001,"[2, 2, 2]",0.10465678293257952,0.043237000703811646
0.6,12,400,0.001,"[2, 2, 2, 2, 2, 2]",0.13958464143797755,0.05695558711886406
0.6,12,400,0.001,[6],0.04798911698162556,0.012617013417184353
0.6,12,400,0.001,[12],0.03589531872421503,0.00466166902333498
0.6,14,400,0.001,[2],0.05659296386875212,0.027419615536928177
0.6,14,400,0.001,"[2, 2, 2]",0.1397783998399973,0.03056834265589714
0.6,14,400,0.001,"[2, 2, 2, 2, 2, 2]",0.16550924070179462,0.014479336328804493
0.6,14,400,0.001,[6],0.03438863763585687,0.008812442421913147
0.6,14,400,0.001,[12],0.031666205963119864,0.005043369252234697
0.6,16,400,0.001,[2],0.12111076526343822,0.021246619522571564
0.6,16,400,0.001,"[2, 2, 2]",0.11618933826684952,0.030412672087550163
0.6,16,400,0.001,"[2, 2, 2, 2, 2, 2]",0.28747910261154175,0.022880662232637405
0.6,16,400,0.001,[6],0.037248045206069946,0.012509813532233238
0.6,16,400,0.001,[12],0.026268620043992996,0.004194216802716255
0.7,2,400,0.001,[2],0.0565717862918973,0.014013550244271755
0.7,2,400,0.001,"[2, 2, 2]",0.057058656588196754,0.01742948591709137
0.7,2,400,0.001,"[2, 2, 2, 2, 2, 2]",0.16285499185323715,0.013028448447585106
0.7,2,400,0.001,[6],0.04174688924103975,0.0076164067722857
0.7,2,400,0.001,[12],0.05099933780729771,0.005240211263298988
0.7,4,400,0.001,[2],0.06832075864076614,0.017634820193052292
0.7,4,400,0.001,"[2, 2, 2]",0.09225616091862321,0.03812813386321068
0.7,4,400,0.001,"[2, 2, 2, 2, 2, 2]",0.17844132706522942,0.02141050435602665
0.7,4,400,0.001,[6],0.04039923334494233,0.013681176118552685
0.7,4,400,0.001,[12],0.03712438000366092,0.005502985790371895
0.7,6,400,0.001,[2],0.050800712779164314,0.019634051248431206
0.7,6,400,0.001,"[2, 2, 2]",0.1008946355432272,0.05465635657310486
0.7,6,400,0.001,"[2, 2, 2, 2, 2, 2]",0.16470145620405674,0.027508864179253578
0.7,6,400,0.001,[6],0.032592922914773226,0.0067893145605921745
0.7,6,400,0.001,[12],0.042161975521594286,0.017950007691979408
0.7,8,400,0.001,[2],0.09917096327990294,0.022810248658061028
0.7,8,400,0.001,"[2, 2, 2]",0.12897155061364174,0.039755288511514664
0.7,8,400,0.001,"[2, 2, 2, 2, 2, 2]",0.17429596558213234,0.009079883806407452
0.7,8,400,0.001,[6],0.041657724883407354,0.01216100249439478
0.7,8,400,0.001,[12],0.03405600460246205,0.005285941064357758
0.7,10,400,0.001,[2],0.05259474064223468,0.02397456206381321
0.7,10,400,0.001,"[2, 2, 2]",0.07457227911800146,0.06464771926403046
0.7,10,400,0.001,"[2, 2, 2, 2, 2, 2]",0.17901204340159893,0.012127635069191456
0.7,10,400,0.001,[6],0.030220955377444625,0.014300236478447914
0.7,10,400,0.001,[12],0.03432102641090751,0.004486973397433758
0.7,12,400,0.001,[2],0.06301497342064977,0.035584885627031326
0.7,12,400,0.001,"[2, 2, 2]",0.06896995194256306,0.056970007717609406
0.7,12,400,0.001,"[2, 2, 2, 2, 2, 2]",0.15115202218294144,0.05064393952488899
0.7,12,400,0.001,[6],0.03159584989771247,0.015245512127876282
0.7,12,400,0.001,[12],0.04624890396371484,0.006190975662320852
0.7,14,400,0.001,[2],0.06152547989040613,0.021211255341768265
0.7,14,400,0.001,"[2, 2, 2]",0.12673658691346645,0.050122037529945374
0.7,14,400,0.001,"[2, 2, 2, 2, 2, 2]",0.22948608919978142,0.04107365384697914
0.7,14,400,0.001,[6],0.03642561938613653,0.012182101607322693
0.7,14,400,0.001,[12],0.04889438487589359,0.023188702762126923
0.7,16,400,0.001,[2],0.05252705165185034,0.034650128334760666
0.7,16,400,0.001,"[2, 2, 2]",0.10564479883760214,0.0696265920996666
0.7,16,400,0.001,"[2, 2, 2, 2, 2, 2]",0.22638696432113647,0.03580586984753609
0.7,16,400,0.001,[6],0.03840479860082269,0.015523901209235191
0.7,16,400,0.001,[12],0.03528795437887311,0.005516724660992622
0.8,2,400,0.001,[2],0.07066277042031288,0.035109248012304306
0.8,2,400,0.001,"[2, 2, 2]",0.1212588706985116,0.036630433052778244
0.8,2,400,0.001,"[2, 2, 2, 2, 2, 2]",0.2300177924335003,0.01965983398258686
0.8,2,400,0.001,[6],0.04561216477304697,0.014286654070019722
0.8,2,400,0.001,[12],0.06195364613085985,0.013368089683353901
0.8,4,400,0.001,[2],0.077195237390697,0.04909372329711914
0.8,4,400,0.001,"[2, 2, 2]",0.11407352425158024,0.054294995963573456
0.8,4,400,0.001,"[2, 2, 2, 2, 2, 2]",0.12195752002298832,0.08986698091030121
0.8,4,400,0.001,[6],0.04723385255783796,0.013789822347462177
0.8,4,400,0.001,[12],0.04770735825877637,0.005794620607048273
0.8,6,400,0.001,[2],0.04288724041543901,0.03551457077264786
0.8,6,400,0.001,"[2, 2, 2]",0.19320376217365265,0.091692715883255
0.8,6,400,0.001,"[2, 2, 2, 2, 2, 2]",0.1325526349246502,0.0891764685511589
0.8,6,400,0.001,[6],0.045731755904853344,0.020415231585502625
0.8,6,400,0.001,[12],0.062190587632358074,0.009662183932960033
0.8,8,400,0.001,[2],0.047298424411565065,0.036509934812784195
0.8,8,400,0.001,"[2, 2, 2]",0.09052811097353697,0.10538551211357117
0.8,8,400,0.001,"[2, 2, 2, 2, 2, 2]",0.15069507621228695,0.05891965702176094
0.8,8,400,0.001,[6],0.05394716840237379,0.01485440693795681
0.8,8,400,0.001,[12],0.053531521931290627,0.006849108263850212
0.8,10,400,0.001,[2],0.07533309049904346,0.03882383927702904
0.8,10,400,0.001,"[2, 2, 2]",0.0895678186789155,0.07868421077728271
0.8,10,400,0.001,"[2, 2, 2, 2, 2, 2]",0.14420505799353123,0.0451040081679821
0.8,10,400,0.001,[6],0.05137419980019331,0.014499734155833721
0.8,10,400,0.001,[12],0.061492701061069965,0.009024780243635178
0.8,12,400,0.001,[2],0.03939411439932883,0.046583663672208786
0.8,12,400,0.001,"[2, 2, 2]",0.044330984354019165,0.1030016764998436
0.8,12,400,0.001,"[2, 2, 2, 2, 2, 2]",0.14650915004312992,0.08210311084985733
0.8,12,400,0.001,[6],0.05617955978959799,0.01640801876783371
0.8,12,400,0.001,[12],0.058393836952745914,0.009917768649756908
0.8,14,400,0.001,[2],0.04535756492987275,0.04042726010084152
0.8,14,400,0.001,"[2, 2, 2]",0.09529278241097927,0.09783842414617538
0.8,14,400,0.001,"[2, 2, 2, 2, 2, 2]",0.18429355323314667,0.07203767448663712
0.8,14,400,0.001,[6],0.055149552412331104,0.019570665434002876
0.8,14,400,0.001,[12],0.046017108485102654,0.008651994168758392
0.8,16,400,0.001,[2],0.053096986608579755,0.05753370746970177
0.8,16,400,0.001,"[2, 2, 2]",0.05968622025102377,0.09919038414955139
0.8,16,400,0.001,"[2, 2, 2, 2, 2, 2]",0.09904316533356905,0.09497728198766708
0.8,16,400,0.001,[6],0.04631258826702833,0.02186175435781479
0.8,16,400,0.001,[12],0.06364948581904173,0.013941013254225254
0.9,2,400,0.001,[2],0.04506446106825024,0.023576000705361366
0.9,2,400,0.001,"[2, 2, 2]",0.07382083218544722,0.07065492868423462
0.9,2,400,0.001,"[2, 2, 2, 2, 2, 2]",0.21838920563459396,0.00265753292478621
0.9,2,400,0.001,[6],0.11143590044230223,0.028508789837360382
0.9,2,400,0.001,[12],0.09954231977462769,0.01740337163209915
0.9,4,400,0.001,[2],0.059274361468851566,0.039498623460531235
0.9,4,400,0.001,"[2, 2, 2]",0.06176989385858178,0.10672036558389664
0.9,4,400,0.001,"[2, 2, 2, 2, 2, 2]",0.11259172670543194,0.12178317457437515
0.9,4,400,0.001,[6],0.09829128067940474,0.04570121690630913
0.9,4,400,0.001,[12],0.06622566934674978,0.01389900129288435
0.9,6,400,0.001,[2],0.0764220030978322,0.04384206607937813
0.9,6,400,0.001,"[2, 2, 2]",0.04070325801149011,0.17583566904067993
0.9,6,400,0.001,"[2, 2, 2, 2, 2, 2]",0.06566857825964689,0.14620795845985413
0.9,6,400,0.001,[6],0.06725709792226553,0.028142141178250313
0.9,6,400,0.001,[12],0.07462234515696764,0.017433352768421173
0.9,8,400,0.001,[2],0.045668208971619606,0.04882526025176048
0.9,8,400,0.001,"[2, 2, 2]",0.03916481416672468,0.19308677315711975
0.9,8,400,0.001,"[2, 2, 2, 2, 2, 2]",0.07467123679816723,0.20607759058475494
0.9,8,400,0.001,[6],0.054386198753491044,0.023340804502367973
0.9,8,400,0.001,[12],0.08464032597839832,0.01955731213092804
0.9,10,400,0.001,[2],0.05268403049558401,0.0836281031370163
0.9,10,400,0.001,"[2, 2, 2]",0.036231499165296555,0.22671735286712646
0.9,10,400,0.001,"[2, 2, 2, 2, 2, 2]",0.09320779424160719,0.17032694816589355
0.9,10,400,0.001,[6],0.060897369869053364,0.031441155821084976
0.9,10,400,0.001,[12],0.0706886388361454,0.044990554451942444
0.9,12,400,0.001,[2],0.04081463138572872,0.07965300977230072
0.9,12,400,0.001,"[2, 2, 2]",0.061023695627227426,0.19765298068523407
0.9,12,400,0.001,"[2, 2, 2, 2, 2, 2]",0.1266314028762281,0.09372728317975998
0.9,12,400,0.001,[6],0.057534999679774046,0.035927027463912964
0.9,12,400,0.001,[12],0.07753321714699268,0.017110198736190796
0.9,14,400,0.001,[2],0.04737938242033124,0.06398744881153107
0.9,14,400,0.001,"[2, 2, 2]",0.05709110060706735,0.1570107340812683
0.9,14,400,0.001,"[2, 2, 2, 2, 2, 2]",0.14771293103694916,0.12736941874027252
0.9,14,400,0.001,[6],0.09349898621439934,0.03885217383503914
0.9,14,400,0.001,[12],0.08501704595983028,0.020386192947626114
0.9,16,400,0.001,[2],0.05732377804815769,0.058263618499040604
0.9,16,400,0.001,"[2, 2, 2]",0.034169851103797555,0.2296552211046219
0.9,16,400,0.001,"[2, 2, 2, 2, 2, 2]",0.06152238789945841,0.29618415236473083
0.9,16,400,0.001,[6],0.05298595270141959,0.03878942131996155
0.9,16,400,0.001,[12],0.06373715959489346,0.03710062801837921
1.0,2,400,0.001,[2],0.03494156897068024,0.04790603742003441
1.0,2,400,0.001,"[2, 2, 2]",0.04045580141246319,2.252641201019287
1.0,2,400,0.001,"[2, 2, 2, 2, 2, 2]",0.08469066210091114,0.3259330093860626
1.0,2,400,0.001,[6],0.09525104518979788,0.1046537533402443
1.0,2,400,0.001,[12],0.08527370262891054,0.10386308282613754
1.0,4,400,0.001,[2],0.0580469440901652,0.24866601824760437
1.0,4,400,0.001,"[2, 2, 2]",0.11272901855409145,0.7706454396247864
1.0,4,400,0.001,"[2, 2, 2, 2, 2, 2]",0.19033445231616497,0.3512113690376282
1.0,4,400,0.001,[6],0.08628093637526035,0.20114995539188385
1.0,4,400,0.001,[12],0.1163498405367136,0.09470738470554352
1.0,6,400,0.001,[2],0.06773736421018839,0.47625693678855896
1.0,6,400,0.001,"[2, 2, 2]",0.0739033855497837,2.736851215362549
1.0,6,400,0.001,"[2, 2, 2, 2, 2, 2]",0.11712338402867317,0.9129824638366699
1.0,6,400,0.001,[6],0.10336368344724178,0.19208073616027832
1.0,6,400,0.001,[12],0.09880196116864681,0.2102523148059845
1.0,8,400,0.001,[2],0.06793262157589197,0.4827634394168854
1.0,8,400,0.001,"[2, 2, 2]",0.0784967727959156,1.9080501794815063
1.0,8,400,0.001,"[2, 2, 2, 2, 2, 2]",0.11150269024074078,1.9027048349380493
1.0,8,400,0.001,[6],0.09529353957623243,0.14956344664096832
1.0,8,400,0.001,[12],0.11730167083442211,0.19325315952301025
1.0,10,400,0.001,[2],0.07877634651958942,0.6456865072250366
1.0,10,400,0.001,"[2, 2, 2]",0.08855179511010647,5.849813938140869
1.0,10,400,0.001,"[2, 2, 2, 2, 2, 2]",0.053442928940057755,12.285837173461914
1.0,10,400,0.001,[6],0.07082105986773968,0.3438611626625061
1.0,10,400,0.001,[12],0.1127970963716507,0.19613780081272125
1.0,12,400,0.001,[2],0.08760127378627658,0.5720610618591309
1.0,12,400,0.001,"[2, 2, 2]",0.05874270014464855,1.595484972000122
1.0,12,400,0.001,"[2, 2, 2, 2, 2, 2]",0.049310929141938686,15.046653747558594
1.0,12,400,0.001,[6],0.15791974402964115,0.1795187145471573
1.0,12,400,0.001,[12],0.12432406656444073,0.32093101739883423
1.0,14,400,0.001,[2],0.06998091470450163,0.6279342770576477
1.0,14,400,0.001,"[2, 2, 2]",0.06268675113096833,2.5729525089263916
1.0,14,400,0.001,"[2, 2, 2, 2, 2, 2]",0.1597308460623026,14.920005798339844
1.0,14,400,0.001,[6],0.0950738275423646,0.30040428042411804
1.0,14,400,0.001,[12],0.13862917199730873,0.2779563367366791
1.0,16,400,0.001,[2],0.10901022143661976,0.6912920475006104
1.0,16,400,0.001,"[2, 2, 2]",0.06822884175926447,3.6696035861968994
1.0,16,400,0.001,"[2, 2, 2, 2, 2, 2]",0.0588450999930501,3.410490036010742
1.0,16,400,0.001,[6],0.11352783441543579,0.3680621087551117
1.0,16,400,0.001,[12],0.1129031265154481,0.20408491790294647
1.1,2,400,0.001,[2],0.31545815616846085,14.578229904174805
1.1,2,400,0.001,"[2, 2, 2]",0.2556084245443344,0.6479603052139282
1.1,2,400,0.001,"[2, 2, 2, 2, 2, 2]",1.8062962591648102,7.631722450256348
1.1,2,400,0.001,[6],0.11755494587123394,2.4762301445007324
1.1,2,400,0.001,[12],0.16876740753650665,21.957902908325195
1.1,4,400,0.001,[2],0.6981384381651878,29.343591690063477
1.1,4,400,0.001,"[2, 2, 2]",0.2268734909594059,0.895904541015625
1.1,4,400,0.001,"[2, 2, 2, 2, 2, 2]",0.25008465722203255,0.3249444365501404
1.1,4,400,0.001,[6],0.2423906996846199,0.1047772541642189
1.1,4,400,0.001,[12],0.2564219944179058,0.0324925072491169
1.1,6,400,0.001,[2],1.7373535335063934,25.0100154876709
1.1,6,400,0.001,"[2, 2, 2]",0.18612885288894176,0.2109776884317398
1.1,6,400,0.001,"[2, 2, 2, 2, 2, 2]",0.2934528701007366,0.13310962915420532
1.1,6,400,0.001,[6],1.0450744032859802,89.14934539794922
1.1,6,400,0.001,[12],0.18740983307361603,0.08522146940231323
1.1,8,400,0.001,[2],0.1843679342418909,37.394168853759766
1.1,8,400,0.001,"[2, 2, 2]",0.24908551946282387,0.25338244438171387
1.1,8,400,0.001,"[2, 2, 2, 2, 2, 2]",0.2240760764107108,0.24028578400611877
1.1,8,400,0.001,[6],0.14871576940640807,154.66574096679688
1.1,8,400,0.001,[12],0.2166723944246769,0.05845503881573677
1.1,10,400,0.001,[2],0.16228388994932175,30.23354721069336
1.1,10,400,0.001,"[2, 2, 2]",0.33144961297512054,0.14209668338298798
1.1,10,400,0.001,"[2, 2, 2, 2, 2, 2]",0.2454388253390789,3.8261163234710693
1.1,10,400,0.001,[6],0.21301838755607605,0.04234602302312851
1.1,10,400,0.001,[12],0.2575529217720032,0.03745482861995697
1.1,12,400,0.001,[2],0.1304346201941371,35.37211990356445
1.1,12,400,0.001,"[2, 2, 2]",4.455375671386719,139.6730194091797
1.1,12,400,0.001,"[2, 2, 2, 2, 2, 2]",0.22967750765383244,0.2414640486240387
1.1,12,400,0.001,[6],2.758541226387024,102.90234375
1.1,12,400,0.001,[12],0.22945846989750862,0.04161238297820091
1.1,14,400,0.001,[2],0.14614990260452032,39.413490295410156
1.1,14,400,0.001,"[2, 2, 2]",0.2144820000976324,0.25060415267944336
1.1,14,400,0.001,"[2, 2, 2, 2, 2, 2]",0.2944231331348419,0.14321094751358032
1.1,14,400,0.001,[6],0.7096975967288017,120.97828674316406
1.1,14,400,0.001,[12],1.488352507352829,608.99951171875
1.1,16,400,0.001,[2],0.1356603465974331,39.533790588378906
1.1,16,400,0.001,"[2, 2, 2]",0.2345360331237316,0.13990910351276398
1.1,16,400,0.001,"[2, 2, 2, 2, 2, 2]",0.23319152742624283,0.2519453167915344
1.1,16,400,0.001,[6],0.16530399210751057,292.28955078125
1.1,16,400,0.001,[12],0.25078553333878517,0.056846313178539276
1.2,2,400,0.001,[2],0.21749630197882652,0.3481193482875824
1.2,2,400,0.001,"[2, 2, 2]",0.7765075713396072,1.2708019018173218
1.2,2,400,0.001,"[2, 2, 2, 2, 2, 2]",0.2798641361296177,0.09874427318572998
1.2,2,400,0.001,[6],0.26631003618240356,0.17673365771770477
1.2,2,400,0.001,[12],0.20125162415206432,0.12053334712982178
1.2,4,400,0.001,[2],1.4209440350532532,14.157569885253906
1.2,4,400,0.001,"[2, 2, 2]",0.2527496740221977,0.28446224331855774
1.2,4,400,0.001,"[2, 2, 2, 2, 2, 2]",0.24230341240763664,0.2268352061510086
1.2,4,400,0.001,[6],1.2930020838975906,122.40579223632812
1.2,4,400,0.001,[12],0.2869694121181965,0.028064629063010216
1.2,6,400,0.001,[2],0.2126695029437542,91.8942642211914
1.2,6,400,0.001,"[2, 2, 2]",0.27858200296759605,0.22104884684085846
1.2,6,400,0.001,"[2, 2, 2, 2, 2, 2]",0.25942857936024666,5.169288158416748
1.2,6,400,0.001,[6],0.11393016716465354,337.1644592285156
1.2,6,400,0.001,[12],0.3252829425036907,0.047760557383298874
1.2,8,400,0.001,[2],1.2547743618488312,42.958473205566406
1.2,8,400,0.001,"[2, 2, 2]",0.2042872104793787,0.18776585161685944
1.2,8,400,0.001,"[2, 2, 2, 2, 2, 2]",0.335716862231493,0.2793317437171936
1.2,8,400,0.001,[6],0.2470843680202961,0.07731281220912933
1.2,8,400,0.001,[12],0.21862628124654293,0.05275924503803253
1.2,10,400,0.001,[2],0.26692671328783035,73.07560729980469
1.2,10,400,0.001,"[2, 2, 2]",0.3505326807498932,0.1582912802696228
1.2,10,400,0.001,"[2, 2, 2, 2, 2, 2]",0.20876031555235386,0.1928006410598755
1.2,10,400,0.001,[6],0.21934439986944199,0.06799852848052979
1.2,10,400,0.001,[12],0.22965730354189873,0.05018828809261322
1.2,12,400,0.001,[2],2.8235928416252136,22.890869140625
1.2,12,400,0.001,"[2, 2, 2]",0.3373948410153389,0.288635790348053
1.2,12,400,0.001,"[2, 2, 2, 2, 2, 2]",0.26758597046136856,0.21274340152740479
1.2,12,400,0.001,[6],0.2545928992331028,0.07855470478534698
1.2,12,400,0.001,[12],0.23801131546497345,0.041356850415468216
1.2,14,400,0.001,[2],0.19536938145756721,63.4312858581543
1.2,14,400,0.001,"[2, 2, 2]",0.23538698628544807,0.14300666749477386
1.2,14,400,0.001,"[2, 2, 2, 2, 2, 2]",0.23425816744565964,0.28909972310066223
1.2,14,400,0.001,[6],0.22762110829353333,352.3478088378906
1.2,14,400,0.001,[12],0.23214101791381836,0.04681405797600746
1.2,16,400,0.001,[2],0.9168629050254822,53.86746597290039
1.2,16,400,0.001,"[2, 2, 2]",0.25521302968263626,0.2740972638130188
1.2,16,400,0.001,"[2, 2, 2, 2, 2, 2]",0.2726127915084362,0.17597344517707825
1.2,16,400,0.001,[6],1.4255419373512268,359.6015930175781
1.2,16,400,0.001,[12],0.22739352658391,0.04862738773226738
1.3,2,400,0.001,[2],0.15289017232134938,6.214142322540283
1.3,2,400,0.001,"[2, 2, 2]",0.25083791837096214,0.24582824110984802
1.3,2,400,0.001,"[2, 2, 2, 2, 2, 2]",0.25712011009454727,1.87001633644104
1.3,2,400,0.001,[6],0.1926077287644148,0.018039541319012642
1.3,2,400,0.001,[12],0.3085077702999115,0.01176467351615429
1.3,4,400,0.001,[2],0.17572613945230842,0.18439874053001404
1.3,4,400,0.001,"[2, 2, 2]",0.28970102220773697,0.41381922364234924
1.3,4,400,0.001,"[2, 2, 2, 2, 2, 2]",0.36242001317441463,12.63609790802002
1.3,4,400,0.001,[6],0.2420639544725418,0.05979437753558159
1.3,4,400,0.001,[12],0.20491379499435425,0.09604757279157639
1.3,6,400,0.001,[2],0.2812455892562866,0.14055705070495605
1.3,6,400,0.001,"[2, 2, 2]",0.274810291826725,0.2092454582452774
1.3,6,400,0.001,"[2, 2, 2, 2, 2, 2]",0.2902628965675831,0.12126410007476807
1.3,6,400,0.001,[6],2.3387739658355713,224.5461883544922
1.3,6,400,0.001,[12],0.2990708723664284,0.054139070212841034
1.3,8,400,0.001,[2],0.20251159649342299,91.24259185791016
1.3,8,400,0.001,"[2, 2, 2]",0.2301308996975422,0.13340142369270325
1.3,8,400,0.001,"[2, 2, 2, 2, 2, 2]",0.23323166370391846,0.9758590459823608
1.3,8,400,0.001,[6],0.22127827256917953,0.041775256395339966
1.3,8,400,0.001,[12],0.21183951012790203,0.062483806163072586
1.3,10,400,0.001,[2],0.15299879387021065,113.01216125488281
1.3,10,400,0.001,"[2, 2, 2]",0.3320450782775879,0.18300408124923706
1.3,10,400,0.001,"[2, 2, 2, 2, 2, 2]",0.2780374065041542,0.3280898332595825
1.3,10,400,0.001,[6],0.3080074153840542,0.08392539620399475
1.3,10,400,0.001,[12],0.24535632506012917,0.038635268807411194
1.3,12,400,0.001,[2],0.3192560113966465,0.20080383121967316
1.3,12,400,0.001,"[2, 2, 2]",0.22511190548539162,0.13985958695411682
1.3,12,400,0.001,"[2, 2, 2, 2, 2, 2]",0.3281582146883011,0.16275067627429962
1.3,12,400,0.001,[6],0.2157423496246338,586.7431640625
1.3,12,400,0.001,[12],0.3043699972331524,0.023263510316610336
1.3,14,400,0.001,[2],0.2987755835056305,0.25344401597976685
1.3,14,400,0.001,"[2, 2, 2]",0.2365725263953209,0.2143273651599884
1.3,14,400,0.001,"[2, 2, 2, 2, 2, 2]",0.23304726369678974,0.22983001172542572
1.3,14,400,0.001,[6],0.28615428134799004,0.08127210289239883
1.3,14,400,0.001,[12],0.22086728364229202,0.06142675504088402
1.3,16,400,0.001,[2],0.22168396599590778,0.24604395031929016
1.3,16,400,0.001,"[2, 2, 2]",1.0674933195114136,61.44313430786133
1.3,16,400,0.001,"[2, 2, 2, 2, 2, 2]",0.3572564125061035,0.21197113394737244
1.3,16,400,0.001,[6],0.2188458889722824,0.10558285564184189
1.3,16,400,0.001,[12],0.3018464520573616,0.0446372926235199
1.4,2,400,0.001,[2],0.19909390062093735,0.3464947044849396
1.4,2,400,0.001,"[2, 2, 2]",0.18532106839120388,0.775433361530304
1.4,2,400,0.001,"[2, 2, 2, 2, 2, 2]",0.26255911588668823,1.6740294694900513
1.4,2,400,0.001,[6],0.20347240008413792,0.1428782343864441
1.4,2,400,0.001,[12],0.19661767967045307,0.05564972385764122
1.4,4,400,0.001,[2],0.35376976430416107,90.10345458984375
1.4,4,400,0.001,"[2, 2, 2]",0.20787852443754673,0.2644822597503662
1.4,4,400,0.001,"[2, 2, 2, 2, 2, 2]",0.28253016993403435,0.18283027410507202
1.4,4,400,0.001,[6],0.2896508648991585,0.06722842901945114
1.4,4,400,0.001,[12],0.26492071337997913,0.08036874979734421
1.4,6,400,0.001,[2],0.2521797940135002,0.1388559192419052
1.4,6,400,0.001,"[2, 2, 2]",0.6411669328808784,0.13707053661346436
1.4,6,400,0.001,"[2, 2, 2, 2, 2, 2]",0.37668196111917496,0.1794692426919937
1.4,6,400,0.001,[6],0.28292662277817726,0.06227819621562958
1.4,6,400,0.001,[12],0.22052456997334957,0.031246911734342575
1.4,8,400,0.001,[2],0.16756646614521742,968.8861694335938
1.4,8,400,0.001,"[2, 2, 2]",0.371838703751564,0.28463464975357056
1.4,8,400,0.001,"[2, 2, 2, 2, 2, 2]",0.2859797179698944,0.1108579933643341
1.4,8,400,0.001,[6],0.28146399185061455,0.07768447697162628
1.4,8,400,0.001,[12],0.2916482947766781,0.055593255907297134
1.4,10,400,0.001,[2],2.0467911660671234,55.862342834472656
1.4,10,400,0.001,"[2, 2, 2]",0.2793217599391937,0.14167124032974243
1.4,10,400,0.001,"[2, 2, 2, 2, 2, 2]",0.2727956213057041,0.10163223743438721
1.4,10,400,0.001,[6],0.2744341120123863,0.08852405846118927
1.4,10,400,0.001,[12],0.25868595764040947,0.050356294959783554
1.4,12,400,0.001,[2],0.15932433120906353,107.35958862304688
1.4,12,400,0.001,"[2, 2, 2]",0.34465397149324417,0.13486702740192413
1.4,12,400,0.001,"[2, 2, 2, 2, 2, 2]",0.3217037804424763,0.25333172082901
1.4,12,400,0.001,[6],0.2195443194359541,0.0796428844332695
1.4,12,400,0.001,[12],0.21533515397459269,0.049537695944309235
1.4,14,400,0.001,[2],0.2748118117451668,0.1737270951271057
1.4,14,400,0.001,"[2, 2, 2]",0.3552421033382416,0.22656653821468353
1.4,14,400,0.001,"[2, 2, 2, 2, 2, 2]",0.3526773154735565,0.18512779474258423
1.4,14,400,0.001,[6],0.2605001851916313,0.058248646557331085
1.4,14,400,0.001,[12],0.19603091292083263,0.0358690582215786
1.4,16,400,0.001,[2],0.24170954152941704,0.18442527949810028
1.4,16,400,0.001,"[2, 2, 2]",0.3188983201980591,0.21967028081417084
1.4,16,400,0.001,"[2, 2, 2, 2, 2, 2]",0.27979903668165207,0.1938161998987198
1.4,16,400,0.001,[6],0.2646309360861778,0.07313583791255951
1.4,16,400,0.001,[12],0.2442271076142788,0.05843864753842354
1.5,2,400,0.001,[2],0.3817061334848404,0.20696036517620087
1.5,2,400,0.001,"[2, 2, 2]",0.3373933732509613,3.7263333797454834
1.5,2,400,0.001,"[2, 2, 2, 2, 2, 2]",0.5438961386680603,0.20025458931922913
1.5,2,400,0.001,[6],0.1906624175608158,0.0507727786898613
1.5,2,400,0.001,[12],0.25329742580652237,0.019204741343855858
1.5,4,400,0.001,[2],0.2728828713297844,0.1754503697156906
1.5,4,400,0.001,"[2, 2, 2]",0.25177534110844135,0.11107772588729858
1.5,4,400,0.001,"[2, 2, 2, 2, 2, 2]",0.2756258100271225,0.13525916635990143
1.5,4,400,0.001,[6],0.1989801498129964,0.03894391283392906
1.5,4,400,0.001,[12],0.30363181605935097,0.042186200618743896
1.5,6,400,0.001,[2],0.24173066392540932,0.24441462755203247
1.5,6,400,0.001,"[2, 2, 2]",0.36305318027734756,0.22642047703266144
1.5,6,400,0.001,"[2, 2, 2, 2, 2, 2]",0.27208489552140236,0.15894290804862976
1.5,6,400,0.001,[6],0.30733026564121246,0.07650050520896912
1.5,6,400,0.001,[12],0.28912801295518875,0.034625645726919174
1.5,8,400,0.001,[2],0.2767499014735222,0.1472274512052536
1.5,8,400,0.001,"[2, 2, 2]",0.31115344911813736,0.26812049746513367
1.5,8,400,0.001,"[2, 2, 2, 2, 2, 2]",0.22359359450638294,0.1051599383354187
1.5,8,400,0.001,[6],0.2716176174581051,0.06779365241527557
1.5,8,400,0.001,[12],0.2600427456200123,0.03971875458955765
1.5,10,400,0.001,[2],0.24079740792512894,0.2325589954853058
1.5,10,400,0.001,"[2, 2, 2]",0.3652181625366211,0.20021690428256989
1.5,10,400,0.001,"[2, 2, 2, 2, 2, 2]",0.222840778529644,0.18345259130001068
1.5,10,400,0.001,[6],0.30294500291347504,0.07936405390501022
1.5,10,400,0.001,[12],0.248037938028574,0.03989170119166374
1.5,12,400,0.001,[2],0.25784702599048615,0.26866233348846436
1.5,12,400,0.001,"[2, 2, 2]",0.2938525378704071,0.21176794171333313
1.5,12,400,0.001,"[2, 2, 2, 2, 2, 2]",0.2923067584633827,0.15013575553894043
1.5,12,400,0.001,[6],0.19287523347884417,0.09174900501966476
1.5,12,400,0.001,[12],0.2898018807172775,0.040400564670562744
1.5,14,400,0.001,[2],0.300122894346714,0.20841048657894135
1.5,14,400,0.001,"[2, 2, 2]",0.31247955933213234,0.2970353364944458
1.5,14,400,0.001,"[2, 2, 2, 2, 2, 2]",0.2917826883494854,0.2470621019601822
1.5,14,400,0.001,[6],0.2322721928358078,0.06894385814666748
1.5,14,400,0.001,[12],0.2587815746665001,0.05043816566467285
1.5,16,400,0.001,[2],0.23114206828176975,0.2183588296175003
1.5,16,400,0.001,"[2, 2, 2]",0.2831807807087898,0.158451646566391
1.5,16,400,0.001,"[2, 2, 2, 2, 2, 2]",0.27775217220187187,0.16594746708869934
1.5,16,400,0.001,[6],0.22057867050170898,0.06368681788444519
1.5,16,400,0.001,[12],0.2833261154592037,0.042735837399959564
