epoch_num,learning_rate,hidden_size,loss_test,loss_train
10,0.0001,[2],0.4928937554359436,0.41578854276583743
10,0.0001,"[2, 2]",0.9795252680778503,0.7861402676655695
10,0.0001,"[2, 2, 2]",0.5006859451532364,0.3769244459959177
10,0.0001,"[2, 2, 2, 2]",0.3663593977689743,0.285809542124088
10,0.0001,"[2, 2, 2, 2, 2]",0.2932994104921818,0.20935152299129045
10,0.0001,"[2, 2, 2, 2, 2, 2]",0.5617839992046356,0.4392800743763263
10,0.0001,[4],0.6825938522815704,0.5923267006874084
10,0.0001,[6],0.28286584466695786,0.17239396216777655
10,0.0001,[8],0.30262744426727295,0.20025038719177246
10,0.0001,[10],0.22164492681622505,0.1382220868880932
10,0.0001,[12],0.45238903909921646,0.3864373450095837
20,0.0001,[2],0.33480287343263626,0.25631350164230055
20,0.0001,"[2, 2]",0.6269652098417282,0.5210150021773118
20,0.0001,"[2, 2, 2]",0.2502702437341213,0.1533626954142864
20,0.0001,"[2, 2, 2, 2]",0.30256590619683266,0.20717384666204453
20,0.0001,"[2, 2, 2, 2, 2]",0.20560910925269127,0.15178736471212828
20,0.0001,"[2, 2, 2, 2, 2, 2]",0.394801989197731,0.3205089569091797
20,0.0001,[4],0.37588993459939957,0.2980221865268854
20,0.0001,[6],0.25324858725070953,0.15271282196044922
20,0.0001,[8],0.23720763996243477,0.1381883340386244
20,0.0001,[10],0.2069762758910656,0.12357593155824222
20,0.0001,[12],0.22859245538711548,0.16300109028816223
30,0.0001,[2],0.31322579085826874,0.18388648331165314
30,0.0001,"[2, 2]",0.6963183879852295,0.5625185599693885
30,0.0001,"[2, 2, 2]",0.27658799290657043,0.16747079101892617
30,0.0001,"[2, 2, 2, 2]",0.9886930286884308,0.8168592911500198
30,0.0001,"[2, 2, 2, 2, 2]",0.20944844000041485,0.176079382116978
30,0.0001,"[2, 2, 2, 2, 2, 2]",0.20119085907936096,0.15297386107536462
30,0.0001,[4],0.27226947620511055,0.17922047869517252
30,0.0001,[6],0.5308732688426971,0.40764790085645825
30,0.0001,[8],0.1827380247414112,0.12475968840030524
30,0.0001,[10],0.19902947172522545,0.13980571524454996
30,0.0001,[12],0.2078668735921383,0.11296543736870472
40,0.0001,[2],1.004348024725914,0.8517800431985122
40,0.0001,"[2, 2]",0.7642291486263275,0.6406285808636591
40,0.0001,"[2, 2, 2]",0.25822955928742886,0.16568263218953058
40,0.0001,"[2, 2, 2, 2]",0.2377324141561985,0.21054842953498548
40,0.0001,"[2, 2, 2, 2, 2]",0.66026671230793,0.5806143811115851
40,0.0001,"[2, 2, 2, 2, 2, 2]",0.1909409984946251,0.15822249020521456
40,0.0001,[4],0.30721336603164673,0.22052884904237893
40,0.0001,[6],0.20008069835603237,0.1651743369606825
40,0.0001,[8],0.20023660734295845,0.13343848631932184
40,0.0001,[10],0.16590096428990364,0.11788182275799605
40,0.0001,[12],0.30104687064886093,0.22869084087701944
50,0.0001,[2],0.19017343781888485,0.1329277163514724
50,0.0001,"[2, 2]",0.41385047882795334,0.4139626037615996
50,0.0001,"[2, 2, 2]",0.22648699954152107,0.16204049037053034
50,0.0001,"[2, 2, 2, 2]",0.20061973482370377,0.15381808980153158
50,0.0001,"[2, 2, 2, 2, 2]",0.9591121226549149,0.7684427774869479
50,0.0001,"[2, 2, 2, 2, 2, 2]",0.40313779562711716,0.270728669487513
50,0.0001,[4],0.43736129999160767,0.31006251734036666
50,0.0001,[6],0.24349283054471016,0.10190306718532856
50,0.0001,[8],0.2705700509250164,0.1467404646369127
50,0.0001,[10],0.1829288098961115,0.1274727709018267
50,0.0001,[12],0.13866623491048813,0.0946772857927359
60,0.0001,[2],0.20962568558752537,0.1767817884683609
60,0.0001,"[2, 2]",0.39696861803531647,0.2575503083375784
60,0.0001,"[2, 2, 2]",0.38153860345482826,0.3222156579677875
60,0.0001,"[2, 2, 2, 2]",0.21019258722662926,0.16067576523010546
60,0.0001,"[2, 2, 2, 2, 2]",0.19739115424454212,0.15302354727800077
60,0.0001,"[2, 2, 2, 2, 2, 2]",0.6292867213487625,0.5177322236391214
60,0.0001,[4],0.27798496931791306,0.14934218732210305
60,0.0001,[6],0.25486643612384796,0.15382578510504502
60,0.0001,[8],0.15027154237031937,0.11506937960019478
60,0.0001,[10],0.18797575123608112,0.11332525370212701
60,0.0001,[12],0.1672060266137123,0.09875007833425815
70,0.0001,[2],0.3914315029978752,0.2850267073282829
70,0.0001,"[2, 2]",0.1804809793829918,0.14573942010219282
70,0.0001,"[2, 2, 2]",0.2580862045288086,0.16662728041410446
70,0.0001,"[2, 2, 2, 2]",0.23053135722875595,0.1668288495678168
70,0.0001,"[2, 2, 2, 2, 2]",0.25958261638879776,0.16768549726559565
70,0.0001,"[2, 2, 2, 2, 2, 2]",0.5375200808048248,0.459268902356808
70,0.0001,[4],0.16807524114847183,0.13101925414342147
70,0.0001,[6],0.22033919021487236,0.12377531769183966
70,0.0001,[8],0.21178050339221954,0.11491033377555701
70,0.0001,[10],0.2303204145282507,0.10764662778148285
70,0.0001,[12],0.1589317824691534,0.10941161272617486
80,0.0001,[2],0.23000500723719597,0.14834983761493975
80,0.0001,"[2, 2]",0.231362234801054,0.13351124811630982
80,0.0001,"[2, 2, 2]",0.1836103005334735,0.14590005175425455
80,0.0001,"[2, 2, 2, 2]",0.23335354775190353,0.20295068220450327
80,0.0001,"[2, 2, 2, 2, 2]",0.3727368414402008,0.24120989097998694
80,0.0001,"[2, 2, 2, 2, 2, 2]",0.3649875670671463,0.2886235610796855
80,0.0001,[4],0.14847407117486,0.10952369238321598
80,0.0001,[6],0.18085291609168053,0.09393496037675785
80,0.0001,[8],0.1299983887001872,0.08791551896585868
80,0.0001,[10],0.15057439357042313,0.10203847461021863
80,0.0001,[12],0.17379794269800186,0.11213880634078613
90,0.0001,[2],0.17722126096487045,0.11412204773380207
90,0.0001,"[2, 2]",0.26280494779348373,0.15117726303063905
90,0.0001,"[2, 2, 2]",0.1945233941078186,0.17381325765297964
90,0.0001,"[2, 2, 2, 2]",0.18752411287277937,0.15014805186253327
90,0.0001,"[2, 2, 2, 2, 2]",0.257620383054018,0.22790989165122694
90,0.0001,"[2, 2, 2, 2, 2, 2]",0.4321092218160629,0.36603323771403384
90,0.0001,[4],0.1841242052614689,0.10749594408732194
90,0.0001,[6],0.13888641446828842,0.11357748164580418
90,0.0001,[8],0.1824676040560007,0.10415811664783038
90,0.0001,[10],0.15804587863385677,0.10836817911611153
90,0.0001,[12],0.19381150975823402,0.1040803142465078
100,0.0001,[2],0.21206943318247795,0.14366715458723214
100,0.0001,"[2, 2]",0.3769833520054817,0.33033481469521153
100,0.0001,"[2, 2, 2]",0.3016347251832485,0.1507974203962546
100,0.0001,"[2, 2, 2, 2]",0.5949225276708603,0.47220847469109756
100,0.0001,"[2, 2, 2, 2, 2]",0.35275665670633316,0.2201448128773616
100,0.0001,"[2, 2, 2, 2, 2, 2]",0.31070104241371155,0.1862891694674125
100,0.0001,[4],0.19968516007065773,0.14100996404886246
100,0.0001,[6],0.1534813977777958,0.10024688292581302
100,0.0001,[8],0.15347090875729918,0.11826005692665394
100,0.0001,[10],0.1823189090937376,0.10356280408226527
100,0.0001,[12],0.19115595147013664,0.08859214645165664
110,0.0001,[2],0.22204221040010452,0.10773350556309406
110,0.0001,"[2, 2]",0.9311468303203583,0.7551058393258315
110,0.0001,"[2, 2, 2]",0.613653376698494,0.5219439680759723
110,0.0001,"[2, 2, 2, 2]",0.31470970064401627,0.20784713327884674
110,0.0001,"[2, 2, 2, 2, 2]",0.661201074719429,0.5567849645247827
110,0.0001,"[2, 2, 2, 2, 2, 2]",0.2689681574702263,0.16438482988339204
110,0.0001,[4],0.16494706273078918,0.12272063786020646
110,0.0001,[6],0.16689343005418777,0.11480152377715477
110,0.0001,[8],0.11538899131119251,0.07894820719957352
110,0.0001,[10],0.18060103990137577,0.10040289622086745
110,0.0001,[12],0.09923798311501741,0.07548945540418991
120,0.0001,[2],0.22066888958215714,0.13259937155705231
120,0.0001,"[2, 2]",0.20457695052027702,0.14672665469921553
120,0.0001,"[2, 2, 2]",0.17944684252142906,0.1373083837903463
120,0.0001,"[2, 2, 2, 2]",0.26469285413622856,0.25374882496320283
120,0.0001,"[2, 2, 2, 2, 2]",0.251639686524868,0.15273937984154776
120,0.0001,"[2, 2, 2, 2, 2, 2]",0.8846419453620911,0.7757359147071838
120,0.0001,[4],0.16076661832630634,0.10385750320095283
120,0.0001,[6],0.1574529316276312,0.09681509635769404
120,0.0001,[8],0.13546435069292784,0.09637841524986121
120,0.0001,[10],0.14755471982061863,0.10247205398403682
120,0.0001,[12],0.1285529611632228,0.0895721110013815
130,0.0001,[2],0.24991197139024734,0.15314064404139152
130,0.0001,"[2, 2]",0.2595837116241455,0.15580707845779565
130,0.0001,"[2, 2, 2]",0.26427216827869415,0.1690319495705458
130,0.0001,"[2, 2, 2, 2]",0.2675058953464031,0.15490161570218894
130,0.0001,"[2, 2, 2, 2, 2]",0.25757190585136414,0.15381545688097292
130,0.0001,"[2, 2, 2, 2, 2, 2]",0.20326858200132847,0.1570435344026639
130,0.0001,[4],0.14220380783081055,0.09983444930269168
130,0.0001,[6],0.12133165448904037,0.08563515543937683
130,0.0001,[8],0.14568139426410198,0.09100761579779479
130,0.0001,[10],0.12014452740550041,0.08092598359172161
130,0.0001,[12],0.10616698488593102,0.07173389253708032
140,0.0001,[2],0.2215280532836914,0.13202712340996817
140,0.0001,"[2, 2]",0.36944931000471115,0.29002944093484145
140,0.0001,"[2, 2, 2]",0.5186210051178932,0.3839127031656412
140,0.0001,"[2, 2, 2, 2]",0.3326292112469673,0.2635499399441939
140,0.0001,"[2, 2, 2, 2, 2]",0.7568885982036591,0.6414086176798894
140,0.0001,"[2, 2, 2, 2, 2, 2]",0.27962157875299454,0.15253781126095697
140,0.0001,[4],0.20566676929593086,0.10670919057268363
140,0.0001,[6],0.1401718184351921,0.08339575678110123
140,0.0001,[8],0.12897223141044378,0.08616469886440498
140,0.0001,[10],0.12174274842254817,0.08748660609126091
140,0.0001,[12],0.1418805792927742,0.08397339456356488
150,0.0001,[2],0.14974877052009106,0.10402664055044834
150,0.0001,"[2, 2]",0.23367327824234962,0.10976311335196862
150,0.0001,"[2, 2, 2]",0.15975154750049114,0.10993897112516257
150,0.0001,"[2, 2, 2, 2]",0.2012539654970169,0.15308469877793238
150,0.0001,"[2, 2, 2, 2, 2]",0.2353317178785801,0.1526316645053717
150,0.0001,"[2, 2, 2, 2, 2, 2]",0.2548370882868767,0.15170814498112753
150,0.0001,[4],0.12561196275055408,0.08440445822018844
150,0.0001,[6],0.13483263179659843,0.09064440142649871
150,0.0001,[8],0.1645628996193409,0.098311325105337
150,0.0001,[10],0.1515868566930294,0.0754609529215556
150,0.0001,[12],0.10470244940370321,0.07883947142041646
160,0.0001,[2],0.22559146583080292,0.1227989924641756
160,0.0001,"[2, 2]",0.1815052144229412,0.12422491438113727
160,0.0001,"[2, 2, 2]",1.0051796287298203,0.9261391896467942
160,0.0001,"[2, 2, 2, 2]",0.20811660215258598,0.193625807762146
160,0.0001,"[2, 2, 2, 2, 2]",0.1922433339059353,0.16169020533561707
160,0.0001,"[2, 2, 2, 2, 2, 2]",0.6010071337223053,0.5411479473114014
160,0.0001,[4],0.1798078715801239,0.09147651894734456
160,0.0001,[6],0.12918183952569962,0.08309925032349733
160,0.0001,[8],0.13491302728652954,0.09261578077880236
160,0.0001,[10],0.14350836351513863,0.0753128368120927
160,0.0001,[12],0.12890015915036201,0.0793912556882088
170,0.0001,[2],0.17101632244884968,0.11923528004151124
170,0.0001,"[2, 2]",0.29533035308122635,0.17148889715854937
170,0.0001,"[2, 2, 2]",0.4619758725166321,0.36789584847596973
170,0.0001,"[2, 2, 2, 2]",0.382414273917675,0.28209957824303555
170,0.0001,"[2, 2, 2, 2, 2]",0.3080928921699524,0.23865885230211112
170,0.0001,"[2, 2, 2, 2, 2, 2]",0.24500689655542374,0.14619278334654295
170,0.0001,[4],0.12952586915344,0.08871853924714602
170,0.0001,[6],0.10485714115202427,0.07181363638777
170,0.0001,[8],0.10204567480832338,0.07394545611280662
170,0.0001,[10],0.12874666787683964,0.08852921283015838
170,0.0001,[12],0.1139634856954217,0.062110310420393944
180,0.0001,[2],0.21983673050999641,0.20988118247343943
180,0.0001,"[2, 2]",0.36320168897509575,0.19870265172078058
180,0.0001,"[2, 2, 2]",0.4569101184606552,0.35270755566083467
180,0.0001,"[2, 2, 2, 2]",0.30409035831689835,0.21343175379129556
180,0.0001,"[2, 2, 2, 2, 2]",0.2433013767004013,0.15289060255655876
180,0.0001,"[2, 2, 2, 2, 2, 2]",0.4653869867324829,0.3496901255387526
180,0.0001,[4],0.12540150806307793,0.07856698563465705
180,0.0001,[6],0.12905718386173248,0.07947745288793857
180,0.0001,[8],0.22137885726988316,0.10090928610700828
180,0.0001,[10],0.09127862844616175,0.06984645758683865
180,0.0001,[12],0.1159355603158474,0.06725303728420001
190,0.0001,[2],0.1916186772286892,0.1189316579928765
190,0.0001,"[2, 2]",0.10565353184938431,0.07757067666030847
190,0.0001,"[2, 2, 2]",0.20671628788113594,0.12385388778952452
190,0.0001,"[2, 2, 2, 2]",0.20376939699053764,0.1502530099107669
190,0.0001,"[2, 2, 2, 2, 2]",0.28852494806051254,0.1501626564333072
190,0.0001,"[2, 2, 2, 2, 2, 2]",0.20614201575517654,0.15216559515549585
190,0.0001,[4],0.23373359441757202,0.15137712485515153
190,0.0001,[6],0.10299032554030418,0.07646580728200766
190,0.0001,[8],0.12142903357744217,0.08520587075215119
190,0.0001,[10],0.12967204488813877,0.07630794122815132
190,0.0001,[12],0.09768547490239143,0.05721915026123707
200,0.0001,[2],0.22084981575608253,0.14890340371773794
200,0.0001,"[2, 2]",0.13454576209187508,0.08698931135810338
200,0.0001,"[2, 2, 2]",0.1480946009978652,0.10818770986336929
200,0.0001,"[2, 2, 2, 2]",0.2539067752659321,0.14405144292574662
200,0.0001,"[2, 2, 2, 2, 2]",0.21201719716191292,0.15388126442065606
200,0.0001,"[2, 2, 2, 2, 2, 2]",0.2007692400366068,0.11623787679351293
200,0.0001,[4],0.1495933886617422,0.08522887298694024
200,0.0001,[6],0.11982850730419159,0.08515638972704227
200,0.0001,[8],0.1384471282362938,0.08949090798313801
200,0.0001,[10],0.1705698510631919,0.07680652319238736
200,0.0001,[12],0.1652761297300458,0.061274804604741245
210,0.0001,[2],0.16549369227141142,0.10592156362075072
210,0.0001,"[2, 2]",0.2846827618777752,0.17705997136922982
210,0.0001,"[2, 2, 2]",0.1396174868568778,0.09550151773370229
210,0.0001,"[2, 2, 2, 2]",0.22232969477772713,0.13706775525441536
210,0.0001,"[2, 2, 2, 2, 2]",0.20301686972379684,0.16500447575862592
210,0.0001,"[2, 2, 2, 2, 2, 2]",0.25349045917391777,0.1447122793358106
210,0.0001,[4],0.12597663514316082,0.08960243916282287
210,0.0001,[6],0.1116384631022811,0.052529411462063975
210,0.0001,[8],0.20749198272824287,0.07843628210517076
210,0.0001,[10],0.09107383573427796,0.06383228130065478
210,0.0001,[12],0.0831376607529819,0.06105367925304633
220,0.0001,[2],0.13857796788215637,0.09129559076749362
220,0.0001,"[2, 2]",0.21801508218050003,0.15364609142908683
220,0.0001,"[2, 2, 2]",0.2278868407011032,0.12530404615860719
220,0.0001,"[2, 2, 2, 2]",0.19414899870753288,0.15008966624736786
220,0.0001,"[2, 2, 2, 2, 2]",0.688695102930069,0.5177799967619089
220,0.0001,"[2, 2, 2, 2, 2, 2]",0.6202989518642426,0.49909539635364825
220,0.0001,[4],0.21944693755358458,0.17373110697819635
220,0.0001,[6],0.09156235121190548,0.05402217705089312
220,0.0001,[8],0.09861818701028824,0.06094816083518358
220,0.0001,[10],0.10184024274349213,0.05568979193384831
220,0.0001,[12],0.08090432919561863,0.05730477949747673
230,0.0001,[2],0.46781201660633087,0.3302004016362704
230,0.0001,"[2, 2]",0.13389093428850174,0.1005571258182709
230,0.0001,"[2, 2, 2]",0.36594754457473755,0.24213712375897628
230,0.0001,"[2, 2, 2, 2]",0.227510754019022,0.15374073902001748
230,0.0001,"[2, 2, 2, 2, 2]",0.21511179208755493,0.14981175328676516
230,0.0001,"[2, 2, 2, 2, 2, 2]",0.2108803279697895,0.18633633422163817
230,0.0001,[4],0.19462048076093197,0.09360833236804375
230,0.0001,[6],0.13535308185964823,0.09949083798206769
230,0.0001,[8],0.10051342379301786,0.06334582773538736
230,0.0001,[10],0.09884490817785263,0.06365754226079354
230,0.0001,[12],0.09213575255125761,0.06026309040876535
240,0.0001,[2],0.1532294787466526,0.10798278680214515
240,0.0001,"[2, 2]",0.21084964089095592,0.17040827297247374
240,0.0001,"[2, 2, 2]",0.6253216862678528,0.467882690521387
240,0.0001,"[2, 2, 2, 2]",0.2525463178753853,0.14714343960468584
240,0.0001,"[2, 2, 2, 2, 2]",0.25015536695718765,0.15053657900828582
240,0.0001,"[2, 2, 2, 2, 2, 2]",0.21491190418601036,0.1583981468127324
240,0.0001,[4],0.11254896596074104,0.06873351536118068
240,0.0001,[6],0.10498661547899246,0.08025348501709792
240,0.0001,[8],0.14560683257877827,0.09979465861733143
240,0.0001,[10],0.1892620287835598,0.07934040805468193
240,0.0001,[12],0.09979223739355803,0.0655644483004625
250,0.0001,[2],0.12201366946101189,0.07501651332355462
250,0.0001,"[2, 2]",0.14348984323441982,0.10509580115859325
250,0.0001,"[2, 2, 2]",0.23404009640216827,0.14343323186039925
250,0.0001,"[2, 2, 2, 2]",0.34927748143672943,0.2494498330813188
250,0.0001,"[2, 2, 2, 2, 2]",0.2806628458201885,0.14930448165306678
250,0.0001,"[2, 2, 2, 2, 2, 2]",0.2404700629413128,0.15206996695353434
250,0.0001,[4],0.13378263637423515,0.09167572282827817
250,0.0001,[6],0.2183482013642788,0.1444498632962887
250,0.0001,[8],0.14925608038902283,0.062465620728639454
250,0.0001,[10],0.08646790310740471,0.05069137421938089
250,0.0001,[12],0.07566464226692915,0.05680409217110047
260,0.0001,[2],0.14263839041814208,0.10588564752386166
260,0.0001,"[2, 2]",0.1910807155072689,0.10496462595004302
260,0.0001,"[2, 2, 2]",0.2140888199210167,0.15462182863400534
260,0.0001,"[2, 2, 2, 2]",0.3169902227818966,0.14953535680587476
260,0.0001,"[2, 2, 2, 2, 2]",0.2753325328230858,0.19048539090615052
260,0.0001,"[2, 2, 2, 2, 2, 2]",0.20717395842075348,0.15207207604096487
260,0.0001,[4],0.18986794725060463,0.11096619785978244
260,0.0001,[6],0.09368660021573305,0.06468639981288177
260,0.0001,[8],0.14801820553839207,0.05754504123559365
260,0.0001,[10],0.24795949459075928,0.11619505802026162
260,0.0001,[12],0.07928542140871286,0.049409777499162234
270,0.0001,[2],0.1473619258031249,0.1018193387068235
270,0.0001,"[2, 2]",0.17877225205302238,0.11653038400870103
270,0.0001,"[2, 2, 2]",0.2321598082780838,0.15703077499683088
270,0.0001,"[2, 2, 2, 2]",0.2205837443470955,0.15029474405141977
270,0.0001,"[2, 2, 2, 2, 2]",0.18302915804088116,0.10412838181050924
270,0.0001,"[2, 2, 2, 2, 2, 2]",0.19305993616580963,0.15040732117799613
270,0.0001,[4],0.18029062263667583,0.07774717475359257
270,0.0001,[6],0.19588272273540497,0.0865839642400925
270,0.0001,[8],0.0735616972669959,0.04737777807391607
270,0.0001,[10],0.15659896563738585,0.05215392175775308
270,0.0001,[12],0.07829346274957061,0.05605573379076444
280,0.0001,[2],0.1375914327800274,0.07270000473811077
280,0.0001,"[2, 2]",0.18697995599359274,0.1500178621365474
280,0.0001,"[2, 2, 2]",0.2111736200749874,0.13611023758466428
280,0.0001,"[2, 2, 2, 2]",0.2795913740992546,0.1473596875484173
280,0.0001,"[2, 2, 2, 2, 2]",0.2529848702251911,0.15334141455017603
280,0.0001,"[2, 2, 2, 2, 2, 2]",0.1928587108850479,0.15320438948961404
280,0.0001,[4],0.14133577793836594,0.08719897814668141
280,0.0001,[6],0.12222101539373398,0.06610961258411407
280,0.0001,[8],0.07332792459055781,0.04877207299264578
280,0.0001,[10],0.08425594680011272,0.05804902257827612
280,0.0001,[12],0.06685339286923409,0.04912600064506897
290,0.0001,[2],0.20588920265436172,0.16282264257852846
290,0.0001,"[2, 2]",0.37220508605241776,0.233410456432746
290,0.0001,"[2, 2, 2]",0.2913057766854763,0.17217505150116408
290,0.0001,"[2, 2, 2, 2]",0.2297607883810997,0.17103759657878143
290,0.0001,"[2, 2, 2, 2, 2]",0.23965692147612572,0.19503772831880128
290,0.0001,"[2, 2, 2, 2, 2, 2]",0.26015570387244225,0.17390200381095594
290,0.0001,[4],0.13752786815166473,0.08647197570938331
290,0.0001,[6],0.1008167453110218,0.06921525858342648
290,0.0001,[8],0.09633504040539265,0.05634742000928292
290,0.0001,[10],0.05252391705289483,0.03663140406402258
290,0.0001,[12],0.08533205091953278,0.052998355661447234
300,0.0001,[2],0.14644307899288833,0.10559759976772162
300,0.0001,"[2, 2]",0.512369692325592,0.46113667579797596
300,0.0001,"[2, 2, 2]",0.3302883207798004,0.2335121643084746
300,0.0001,"[2, 2, 2, 2]",0.29133350402116776,0.20681254451091474
300,0.0001,"[2, 2, 2, 2, 2]",0.23669234849512577,0.15268831700086594
300,0.0001,"[2, 2, 2, 2, 2, 2]",0.22801104933023453,0.15300585616093415
300,0.0001,[4],0.0877352049574256,0.05325867894750375
300,0.0001,[6],0.09876767173409462,0.05530222147130049
300,0.0001,[8],0.05876873340457678,0.041431960148306995
300,0.0001,[10],0.06962521560490131,0.04118985439149233
300,0.0001,[12],0.0645750998519361,0.042080665866915994
310,0.0001,[2],0.08900509774684906,0.06791831524326251
310,0.0001,"[2, 2]",0.15494300238788128,0.08154192824776356
310,0.0001,"[2, 2, 2]",0.2078830935060978,0.10811366370091072
310,0.0001,"[2, 2, 2, 2]",0.27118705213069916,0.19582321896002844
310,0.0001,"[2, 2, 2, 2, 2]",0.1662778123281896,0.1348720336189637
310,0.0001,"[2, 2, 2, 2, 2, 2]",0.5409277677536011,0.4447213250857133
310,0.0001,[4],0.09840657282620668,0.06851509371056007
310,0.0001,[6],0.09436618303880095,0.06664024350734857
310,0.0001,[8],0.09625051356852055,0.05863431726510708
310,0.0001,[10],0.0659177377820015,0.041960851360972114
310,0.0001,[12],0.10618303809314966,0.04199382849037647
320,0.0001,[2],0.13012265413999557,0.09779357193754269
320,0.0001,"[2, 2]",0.19304471462965012,0.13937690280950987
320,0.0001,"[2, 2, 2]",0.21512314304709435,0.15274037649998298
320,0.0001,"[2, 2, 2, 2]",0.20835679024457932,0.1522009882789392
320,0.0001,"[2, 2, 2, 2, 2]",0.19880159571766853,0.15150972054554865
320,0.0001,"[2, 2, 2, 2, 2, 2]",0.24066348746418953,0.13744891434907913
320,0.0001,[4],0.14781850762665272,0.09653761323827964
320,0.0001,[6],0.10724907368421555,0.06015470452033556
320,0.0001,[8],0.06350357178598642,0.04488445302614799
320,0.0001,[10],0.06377198081463575,0.040723673139627166
320,0.0001,[12],0.0821045320481062,0.04712176666809963
330,0.0001,[2],0.11491222213953733,0.07475097935933334
330,0.0001,"[2, 2]",0.2557227537035942,0.1564870568422171
330,0.0001,"[2, 2, 2]",0.34766867756843567,0.27483613789081573
330,0.0001,"[2, 2, 2, 2]",0.27585146203637123,0.17773949125638375
330,0.0001,"[2, 2, 2, 2, 2]",0.23956458270549774,0.13188485228098357
330,0.0001,"[2, 2, 2, 2, 2, 2]",0.36988235265016556,0.32369154691696167
330,0.0001,[4],0.09202972194179893,0.0598395664531451
330,0.0001,[6],0.07986096851527691,0.04855325073003769
330,0.0001,[8],0.1354726180434227,0.05534313963009761
330,0.0001,[10],0.08837240468710661,0.04921631314433538
330,0.0001,[12],0.0719521758146584,0.048691693120277844
340,0.0001,[2],0.2018093504011631,0.1571296602487564
340,0.0001,"[2, 2]",0.20541789196431637,0.1552334250165866
340,0.0001,"[2, 2, 2]",0.12367753591388464,0.08679251387142219
340,0.0001,"[2, 2, 2, 2]",0.28929735720157623,0.17594918150168198
340,0.0001,"[2, 2, 2, 2, 2]",0.2547084540128708,0.1524600529899964
340,0.0001,"[2, 2, 2, 2, 2, 2]",0.4880405217409134,0.34134137630462646
340,0.0001,[4],0.08380173332989216,0.054647629507459126
340,0.0001,[6],0.08007830195128918,0.05651889870373102
340,0.0001,[8],0.08812329359352589,0.04611481181704081
340,0.0001,[10],0.06309356912970543,0.045075258383384116
340,0.0001,[12],0.0692354729399085,0.03962754171628218
350,0.0001,[2],0.1871019508689642,0.0883856273901004
350,0.0001,"[2, 2]",0.18528709933161736,0.15277672215149954
350,0.0001,"[2, 2, 2]",0.1864287294447422,0.1407708852336957
350,0.0001,"[2, 2, 2, 2]",0.19231850281357765,0.1403366310092119
350,0.0001,"[2, 2, 2, 2, 2]",0.30603957921266556,0.2058745060975735
350,0.0001,"[2, 2, 2, 2, 2, 2]",0.20146347768604755,0.15242604911327362
350,0.0001,[4],0.15772899985313416,0.09557484548825484
350,0.0001,[6],0.10953577887266874,0.07360919536306308
350,0.0001,[8],0.0784961748868227,0.05621389041726406
350,0.0001,[10],0.07211227528750896,0.041601101939494796
350,0.0001,[12],0.06348822079598904,0.04118815494271425
360,0.0001,[2],0.13904588669538498,0.07035239685613376
360,0.0001,"[2, 2]",0.37787042558193207,0.2411432277697783
360,0.0001,"[2, 2, 2]",0.2454448565840721,0.1547385872556613
360,0.0001,"[2, 2, 2, 2]",0.27138660848140717,0.16959442771398103
360,0.0001,"[2, 2, 2, 2, 2]",0.20547817647457123,0.15545388425772005
360,0.0001,"[2, 2, 2, 2, 2, 2]",0.2398756444454193,0.12786151869938925
360,0.0001,[4],0.19433344900608063,0.10377610532137063
360,0.0001,[6],0.11025435104966164,0.0730797854753641
360,0.0001,[8],0.10267789661884308,0.07309309651072209
360,0.0001,[10],0.06641401862725616,0.045131249783130795
360,0.0001,[12],0.07160055730491877,0.0422572370332021
370,0.0001,[2],0.17172972857952118,0.10365857011996783
370,0.0001,"[2, 2]",0.24515054561197758,0.0965995229780674
370,0.0001,"[2, 2, 2]",0.2203475795686245,0.15481619651500994
370,0.0001,"[2, 2, 2, 2]",0.30128997936844826,0.17967431705731612
370,0.0001,"[2, 2, 2, 2, 2]",0.2741285227239132,0.15129423026855177
370,0.0001,"[2, 2, 2, 2, 2, 2]",0.20211634412407875,0.12616956835755935
370,0.0001,[4],0.15644682198762894,0.081347514087191
370,0.0001,[6],0.06698430981487036,0.04272265130510697
370,0.0001,[8],0.0754874749109149,0.05156174703286244
370,0.0001,[10],0.09308283217251301,0.043180605539908774
370,0.0001,[12],0.06496409885585308,0.04619446482795935
380,0.0001,[2],0.08968596998602152,0.060491957916663244
380,0.0001,"[2, 2]",0.20751556754112244,0.15453155911885774
380,0.0001,"[2, 2, 2]",0.11869386024773121,0.07400975433679727
380,0.0001,"[2, 2, 2, 2]",0.24314431101083755,0.14943707046600488
380,0.0001,"[2, 2, 2, 2, 2]",0.36381880939006805,0.2924365538817186
380,0.0001,"[2, 2, 2, 2, 2, 2]",0.34423789381980896,0.2598205701662944
380,0.0001,[4],0.10376054607331753,0.05516030997611009
380,0.0001,[6],0.06295302230864763,0.042905472218990326
380,0.0001,[8],0.08809691295027733,0.06031476520001888
380,0.0001,[10],0.0608419522177428,0.0428041208248872
380,0.0001,[12],0.08098974823951721,0.038631103216455534
390,0.0001,[2],0.20478877425193787,0.1038718200646914
390,0.0001,"[2, 2]",0.20467082411050797,0.15123635129286692
390,0.0001,"[2, 2, 2]",0.21119902841746807,0.1595196368602606
390,0.0001,"[2, 2, 2, 2]",0.08740303851664066,0.05621612387207838
390,0.0001,"[2, 2, 2, 2, 2]",0.3703529089689255,0.2798830305154507
390,0.0001,"[2, 2, 2, 2, 2, 2]",0.21357377618551254,0.1566533692754232
390,0.0001,[4],0.12048320844769478,0.09191172469693881
390,0.0001,[6],0.09150596521794796,0.06416749467070286
390,0.0001,[8],0.08647406473755836,0.05050906023153892
390,0.0001,[10],0.09377047326415777,0.06142410034170517
390,0.0001,[12],0.05818356852978468,0.03561841051738996
400,0.0001,[2],0.3646441176533699,0.25074456517512983
400,0.0001,"[2, 2]",0.09141279570758343,0.04775598559242029
400,0.0001,"[2, 2, 2]",0.21295053139328957,0.1541374853024116
400,0.0001,"[2, 2, 2, 2]",0.2389850988984108,0.14878268912434578
400,0.0001,"[2, 2, 2, 2, 2]",0.19741245731711388,0.08512698457791255
400,0.0001,"[2, 2, 2, 2, 2, 2]",0.20878392457962036,0.1580780131312517
400,0.0001,[4],0.16891466453671455,0.06623080301170166
400,0.0001,[6],0.09112660214304924,0.051741234958171844
400,0.0001,[8],0.07993096020072699,0.047300842232429065
400,0.0001,[10],0.08513512648642063,0.04360852390527725
400,0.0001,[12],0.06508060917258263,0.039471581005133115
410,0.0001,[2],0.12732166796922684,0.08653844520449638
410,0.0001,"[2, 2]",0.15191157162189484,0.07671192001837951
410,0.0001,"[2, 2, 2]",0.16326898708939552,0.0727640688419342
410,0.0001,"[2, 2, 2, 2]",0.09248275775462389,0.055482666223095015
410,0.0001,"[2, 2, 2, 2, 2]",0.28707559779286385,0.15349200253303236
410,0.0001,"[2, 2, 2, 2, 2, 2]",0.2316095493733883,0.15186889756184357
410,0.0001,[4],0.10964158922433853,0.06446944635647994
410,0.0001,[6],0.057794139720499516,0.042214205202001795
410,0.0001,[8],0.06778713688254356,0.044207926553029284
410,0.0001,[10],0.06529518542811275,0.0453848007779855
410,0.0001,[12],0.06014402722939849,0.04027494258032395
420,0.0001,[2],0.12510576844215393,0.0701692714714087
420,0.0001,"[2, 2]",0.09606718271970749,0.06420530221210076
420,0.0001,"[2, 2, 2]",0.19320573285222054,0.1485203172151859
420,0.0001,"[2, 2, 2, 2]",0.24329040199518204,0.13654286815569952
420,0.0001,"[2, 2, 2, 2, 2]",0.1977424956858158,0.15436359838797495
420,0.0001,"[2, 2, 2, 2, 2, 2]",0.2360088787972927,0.15214408590243414
420,0.0001,[4],0.10927055031061172,0.06950838090135501
420,0.0001,[6],0.06742086354643106,0.042486765063725986
420,0.0001,[8],0.10375856049358845,0.07286936617814578
420,0.0001,[10],0.06423537665978074,0.044814447370859295
420,0.0001,[12],0.06003005523234606,0.03945936620808565
430,0.0001,[2],0.12993556261062622,0.08782542525575711
430,0.0001,"[2, 2]",0.16136168083176017,0.08225791786725704
430,0.0001,"[2, 2, 2]",0.13737023063004017,0.09556778778250401
430,0.0001,"[2, 2, 2, 2]",0.2753850892186165,0.14958533128866783
430,0.0001,"[2, 2, 2, 2, 2]",0.18874173052608967,0.1506629207959542
430,0.0001,"[2, 2, 2, 2, 2, 2]",0.2004733793437481,0.15600297485406583
430,0.0001,[4],0.07846382819116116,0.053023334234379806
430,0.0001,[6],0.07136349938809872,0.049897294204968676
430,0.0001,[8],0.06269928393885493,0.04201211092563776
430,0.0001,[10],0.04902820894494653,0.033684576861560345
430,0.0001,[12],0.05848771892488003,0.036812472372100905
440,0.0001,[2],0.10634367726743221,0.05791904863256674
440,0.0001,"[2, 2]",0.08030745107680559,0.047458494655214824
440,0.0001,"[2, 2, 2]",0.19340504705905914,0.10661345061201316
440,0.0001,"[2, 2, 2, 2]",0.22403370961546898,0.1522725814810166
440,0.0001,"[2, 2, 2, 2, 2]",0.2256932407617569,0.15213217127781647
440,0.0001,"[2, 2, 2, 2, 2, 2]",0.17628774233162403,0.09070138891155903
440,0.0001,[4],0.07697845855727792,0.05271389278081747
440,0.0001,[6],0.12473614700138569,0.05813613648598011
440,0.0001,[8],0.06683435197919607,0.04033591132611036
440,0.0001,[10],0.09076440520584583,0.039322542026638985
440,0.0001,[12],0.05879379669204354,0.04298885754094674
450,0.0001,[2],0.1711549460887909,0.0821245604982743
450,0.0001,"[2, 2]",0.09930814802646637,0.05804758633558567
450,0.0001,"[2, 2, 2]",0.19393833633512259,0.1529554953941932
450,0.0001,"[2, 2, 2, 2]",0.3244064450263977,0.22039785866553968
450,0.0001,"[2, 2, 2, 2, 2]",0.24996690452098846,0.13103337729206452
450,0.0001,"[2, 2, 2, 2, 2, 2]",0.25925006717443466,0.1530211716890335
450,0.0001,[4],0.08311540354043245,0.056797938994490184
450,0.0001,[6],0.06356671429239213,0.043515863040318854
450,0.0001,[8],0.06431290693581104,0.040854707216987245
450,0.0001,[10],0.07571141794323921,0.03785338610983812
450,0.0001,[12],0.05961719690822065,0.04406770519339121
460,0.0001,[2],0.21439756825566292,0.15277813546932661
460,0.0001,"[2, 2]",0.15504323318600655,0.06724686462145585
460,0.0001,"[2, 2, 2]",0.2527487725019455,0.17826563578385574
460,0.0001,"[2, 2, 2, 2]",0.18279712554067373,0.15411845766581023
460,0.0001,"[2, 2, 2, 2, 2]",0.22318235784769058,0.15040568892772382
460,0.0001,"[2, 2, 2, 2, 2, 2]",0.2483062632381916,0.15126633242918894
460,0.0001,[4],0.08604870783165097,0.06483815438472308
460,0.0001,[6],0.05494110379368067,0.03643295656029995
460,0.0001,[8],0.06430836021900177,0.03978089321977817
460,0.0001,[10],0.07883195765316486,0.038717311448775805
460,0.0001,[12],0.061286949552595615,0.03729412332177162
470,0.0001,[2],0.10325558669865131,0.05472677960418738
470,0.0001,"[2, 2]",0.24071073532104492,0.15690608322620392
470,0.0001,"[2, 2, 2]",0.3947964981198311,0.29129991164574254
470,0.0001,"[2, 2, 2, 2]",0.20365999452769756,0.1510691189995179
470,0.0001,"[2, 2, 2, 2, 2]",0.19722577556967735,0.15510513060368025
470,0.0001,"[2, 2, 2, 2, 2, 2]",0.2688339054584503,0.15025565372063562
470,0.0001,[4],0.1212573479861021,0.061071018186899334
470,0.0001,[6],0.08970937319099903,0.04532177674655731
470,0.0001,[8],0.11025397665798664,0.05768596065732149
470,0.0001,[10],0.053627065382897854,0.03163768644802845
470,0.0001,[12],0.0669281342998147,0.03921245640287033
480,0.0001,[2],0.0806791097857058,0.05895711839772188
480,0.0001,"[2, 2]",0.11082905158400536,0.08135269725551972
480,0.0001,"[2, 2, 2]",0.21941646933555603,0.10612902331810731
480,0.0001,"[2, 2, 2, 2]",0.22530889883637428,0.1544699198924578
480,0.0001,"[2, 2, 2, 2, 2]",0.1941059660166502,0.14937890808169657
480,0.0001,"[2, 2, 2, 2, 2, 2]",0.2337544560432434,0.1543380726988499
480,0.0001,[4],0.10869185253977776,0.054820194553870424
480,0.0001,[6],0.08990471623837948,0.05151679123250338
480,0.0001,[8],0.060040804324671626,0.043288358415548615
480,0.0001,[10],0.047175023471936584,0.03467705330023399
480,0.0001,[12],0.05650042602792382,0.038982308827913724
490,0.0001,[2],0.09201037790626287,0.05858251108573033
490,0.0001,"[2, 2]",0.18421194050461054,0.15202159663805595
490,0.0001,"[2, 2, 2]",0.20787781476974487,0.15295547619462013
490,0.0001,"[2, 2, 2, 2]",0.20447257347404957,0.1517718331171916
490,0.0001,"[2, 2, 2, 2, 2]",0.20389052852988243,0.1508743934906446
490,0.0001,"[2, 2, 2, 2, 2, 2]",0.1977966632694006,0.15242464611163506
490,0.0001,[4],0.14050589315593243,0.0528300771346459
490,0.0001,[6],0.07863832544535398,0.0483715501255714
490,0.0001,[8],0.07814410841092467,0.045131271418470606
490,0.0001,[10],0.05063999257981777,0.03687878225285273
490,0.0001,[12],0.046120943035930395,0.03130298723968176
500,0.0001,[2],0.09491598140448332,0.05241129404077163
500,0.0001,"[2, 2]",0.13264943473041058,0.08618128385681373
500,0.0001,"[2, 2, 2]",0.2667938843369484,0.1501342894939276
500,0.0001,"[2, 2, 2, 2]",0.16395311802625656,0.11598757281899452
500,0.0001,"[2, 2, 2, 2, 2]",0.22565503418445587,0.14988883756674254
500,0.0001,"[2, 2, 2, 2, 2, 2]",0.25282250717282295,0.1591432455640573
500,0.0001,[4],0.13295721635222435,0.07816862257627341
500,0.0001,[6],0.06391019141301513,0.04233208785836513
500,0.0001,[8],0.05373790627345443,0.03971010217299828
500,0.0001,[10],0.0585701335221529,0.034147232197798215
500,0.0001,[12],0.053479270078241825,0.035906994643692784
510,0.0001,[2],0.07639904413372278,0.04437655912568936
510,0.0001,"[2, 2]",0.27817096188664436,0.15615869886600053
510,0.0001,"[2, 2, 2]",0.19940000399947166,0.15445580505407774
510,0.0001,"[2, 2, 2, 2]",0.22013045847415924,0.15873522999194953
510,0.0001,"[2, 2, 2, 2, 2]",0.1900833761319518,0.15632133844953316
510,0.0001,"[2, 2, 2, 2, 2, 2]",0.2057487592101097,0.10387639271525237
510,0.0001,[4],0.19015218317508698,0.15270030269256005
510,0.0001,[6],0.057351247407495975,0.03943522532398884
510,0.0001,[8],0.06756017357110977,0.04289039138417978
510,0.0001,[10],0.10792823508381844,0.04359393194317818
510,0.0001,[12],0.05424545891582966,0.03786617718063868
520,0.0001,[2],0.06663406174629927,0.046061135828495026
520,0.0001,"[2, 2]",0.0858203861862421,0.05982055744299522
520,0.0001,"[2, 2, 2]",0.1980318035930395,0.15061050194960374
520,0.0001,"[2, 2, 2, 2]",0.21848898753523827,0.15436415603527656
520,0.0001,"[2, 2, 2, 2, 2]",0.17623148672282696,0.13465846043366653
520,0.0001,"[2, 2, 2, 2, 2, 2]",0.29362547770142555,0.1562513795036536
520,0.0001,[4],0.06941988877952099,0.046114678136431254
520,0.0001,[6],0.06002504471689463,0.040964799718214914
520,0.0001,[8],0.0633217254653573,0.03952141722234396
520,0.0001,[10],0.06006260681897402,0.04127791953774599
520,0.0001,[12],0.06576160714030266,0.03735954651179222
530,0.0001,[2],0.09803301375359297,0.06883453849989635
530,0.0001,"[2, 2]",0.08746440336108208,0.054515414513074435
530,0.0001,"[2, 2, 2]",0.11344428081065416,0.059085047159057394
530,0.0001,"[2, 2, 2, 2]",0.20842593908309937,0.15615716547920153
530,0.0001,"[2, 2, 2, 2, 2]",0.25032682344317436,0.17566218513708848
530,0.0001,"[2, 2, 2, 2, 2, 2]",0.22605923935770988,0.15365551870602828
530,0.0001,[4],0.061653421726077795,0.04250503761263994
530,0.0001,[6],0.05522615276277065,0.036631150815922484
530,0.0001,[8],0.06526382640004158,0.03818888861972552
530,0.0001,[10],0.057354286313056946,0.036269837560561985
530,0.0001,[12],0.05237403651699424,0.03489965501313026
540,0.0001,[2],0.10212623700499535,0.056585968973544926
540,0.0001,"[2, 2]",0.11016579996794462,0.07964713384325688
540,0.0001,"[2, 2, 2]",0.12526959739625454,0.08599522709846497
540,0.0001,"[2, 2, 2, 2]",0.08376692980527878,0.0502979251771019
540,0.0001,"[2, 2, 2, 2, 2]",0.13607043027877808,0.06973110368618599
540,0.0001,"[2, 2, 2, 2, 2, 2]",0.25123023986816406,0.15135912195994303
540,0.0001,[4],0.09637849032878876,0.05435860357605494
540,0.0001,[6],0.05577387288212776,0.03583621047437191
540,0.0001,[8],0.07178674731403589,0.03781543199259501
540,0.0001,[10],0.04942897520959377,0.037613567179785326
540,0.0001,[12],0.05689531750977039,0.03593833959446503
550,0.0001,[2],0.1379435509443283,0.04977627771978195
550,0.0001,"[2, 2]",0.29452408105134964,0.15251228155998084
550,0.0001,"[2, 2, 2]",0.3078324757516384,0.15569163858890533
550,0.0001,"[2, 2, 2, 2]",0.15754057187587023,0.047502717504707664
550,0.0001,"[2, 2, 2, 2, 2]",0.06194968242198229,0.04011956215477907
550,0.0001,"[2, 2, 2, 2, 2, 2]",0.3095274940133095,0.20055432044542754
550,0.0001,[4],0.08883973397314548,0.05025894051560989
550,0.0001,[6],0.0666961008682847,0.046442170125933796
550,0.0001,[8],0.05741866398602724,0.03473194337521608
550,0.0001,[10],0.05703634861856699,0.03380849627921215
550,0.0001,[12],0.05181441456079483,0.03425402996631769
560,0.0001,[2],0.06598395481705666,0.04503337078942703
560,0.0001,"[2, 2]",0.2684892416000366,0.16345807451468247
560,0.0001,"[2, 2, 2]",0.2015125434845686,0.15230909104530627
560,0.0001,"[2, 2, 2, 2]",0.27058370411396027,0.1257094104702656
560,0.0001,"[2, 2, 2, 2, 2]",0.24876835197210312,0.15334958239243582
560,0.0001,"[2, 2, 2, 2, 2, 2]",0.2382751777768135,0.15235292854217383
560,0.0001,[4],0.06770350085571408,0.04812740162014961
560,0.0001,[6],0.05965443467721343,0.04036909914933718
560,0.0001,[8],0.07322825212031603,0.03946944125569784
560,0.0001,[10],0.06409860122948885,0.035739462106273726
560,0.0001,[12],0.09275250416249037,0.034783198641469844
570,0.0001,[2],0.0889414893463254,0.06276486685069707
570,0.0001,"[2, 2]",0.12127667292952538,0.0883282944560051
570,0.0001,"[2, 2, 2]",0.10801625903695822,0.06817106157541275
570,0.0001,"[2, 2, 2, 2]",0.2150222212076187,0.15112048788712576
570,0.0001,"[2, 2, 2, 2, 2]",0.2464958317577839,0.15079443328655684
570,0.0001,"[2, 2, 2, 2, 2, 2]",0.19790884479880333,0.1517591424859487
570,0.0001,[4],0.12747711315751076,0.06521624040145141
570,0.0001,[6],0.06275478564202785,0.03824291478555936
570,0.0001,[8],0.05466540763154626,0.039642211622916736
570,0.0001,[10],0.07012348482385278,0.034070331030167066
570,0.0001,[12],0.053013437893241644,0.03617568743916658
580,0.0001,[2],0.12613602727651596,0.10203419711727363
580,0.0001,"[2, 2]",0.10896499548107386,0.07366676170092362
580,0.0001,"[2, 2, 2]",0.06597573752515018,0.045716171367810324
580,0.0001,"[2, 2, 2, 2]",0.21430694684386253,0.15942050917790487
580,0.0001,"[2, 2, 2, 2, 2]",0.10775070264935493,0.0652405247092247
580,0.0001,"[2, 2, 2, 2, 2, 2]",0.2649859730154276,0.15456247902833498
580,0.0001,[4],0.0850495733320713,0.05096307841057961
580,0.0001,[6],0.05164764076471329,0.03516203867128262
580,0.0001,[8],0.07521402137354016,0.05228408927527758
580,0.0001,[10],0.05460725259035826,0.03493402275041892
580,0.0001,[12],0.05026663467288017,0.03537817421154334
590,0.0001,[2],0.1074448712170124,0.049656554483450376
590,0.0001,"[2, 2]",0.22119637951254845,0.15101075860170218
590,0.0001,"[2, 2, 2]",0.25586142763495445,0.1522852721122595
590,0.0001,"[2, 2, 2, 2]",0.2140825092792511,0.15326111075969842
590,0.0001,"[2, 2, 2, 2, 2]",0.2383018508553505,0.1527852714061737
590,0.0001,"[2, 2, 2, 2, 2, 2]",0.19663171470165253,0.15663409233093262
590,0.0001,[4],0.0674400320276618,0.04612012035571612
590,0.0001,[6],0.069404301000759,0.05181185227747147
590,0.0001,[8],0.11223553773015738,0.040245029932031266
590,0.0001,[10],0.05527241621166468,0.03551694191992283
590,0.0001,[12],0.08819210063666105,0.03455806509233438
600,0.0001,[2],0.10778142279013991,0.07697468107709518
600,0.0001,"[2, 2]",0.16236525774002075,0.06613652322154778
600,0.0001,"[2, 2, 2]",0.1890476569533348,0.06796457804739475
600,0.0001,"[2, 2, 2, 2]",0.09825817868113518,0.06144274943150007
600,0.0001,"[2, 2, 2, 2, 2]",0.19265586137771606,0.1498922613950876
600,0.0001,"[2, 2, 2, 2, 2, 2]",0.21637818217277527,0.15050860551687387
600,0.0001,[4],0.04698743741028011,0.03548973755767712
600,0.0001,[6],0.05623455252498388,0.03570567035617737
600,0.0001,[8],0.06200077012181282,0.04300751135899471
600,0.0001,[10],0.050324135925620794,0.03494762428677999
600,0.0001,[12],0.06359636597335339,0.0337969411451083
610,0.0001,[2],0.1061056386679411,0.06548813186012782
610,0.0001,"[2, 2]",0.05674489960074425,0.040384993386956364
610,0.0001,"[2, 2, 2]",0.2508453279733658,0.17189471767498896
610,0.0001,"[2, 2, 2, 2]",0.2034791111946106,0.1521459880929727
610,0.0001,"[2, 2, 2, 2, 2]",0.07734163664281368,0.045569090315928824
610,0.0001,"[2, 2, 2, 2, 2, 2]",0.19948109239339828,0.15050916660290498
610,0.0001,[4],0.0863434337079525,0.057004027641736545
610,0.0001,[6],0.053495685569942,0.035707761318637773
610,0.0001,[8],0.051521704997867346,0.037125198886944696
610,0.0001,[10],0.04034805204719305,0.030357196568869628
610,0.0001,[12],0.05080536846071482,0.033303068234370306
620,0.0001,[2],0.07976967934519053,0.040704500646545336
620,0.0001,"[2, 2]",0.22431129962205887,0.1511039063334465
620,0.0001,"[2, 2, 2]",0.08622321439906955,0.06046735065487715
620,0.0001,"[2, 2, 2, 2]",0.25972288846969604,0.15727198410492677
620,0.0001,"[2, 2, 2, 2, 2]",0.23729393631219864,0.15176665209806883
620,0.0001,"[2, 2, 2, 2, 2, 2]",0.23783782869577408,0.15453226520464972
620,0.0001,[4],0.1020791307091713,0.051564473945360914
620,0.0001,[6],0.07823506742715836,0.035310250062208906
620,0.0001,[8],0.04388726479373872,0.034995317459106445
620,0.0001,[10],0.038788439123891294,0.03424813225865364
620,0.0001,[12],0.04736638767644763,0.03264331172865171
630,0.0001,[2],0.06469704210758209,0.04269309313251422
630,0.0001,"[2, 2]",0.24488889425992966,0.1533108949661255
630,0.0001,"[2, 2, 2]",0.1305923741310835,0.07636826227490719
630,0.0001,"[2, 2, 2, 2]",0.1876585353165865,0.1534658934061344
630,0.0001,"[2, 2, 2, 2, 2]",0.2340000793337822,0.1513809676353748
630,0.0001,"[2, 2, 2, 2, 2, 2]",0.21178150177001953,0.15323429841261643
630,0.0001,[4],0.08753942418843508,0.05391446314752102
630,0.0001,[6],0.04304509027861059,0.032775337664553754
630,0.0001,[8],0.07235716469585896,0.03840015241159843
630,0.0001,[10],0.054612263571470976,0.0336207072608746
630,0.0001,[12],0.04849773598834872,0.03303182784181375
640,0.0001,[2],0.21708111092448235,0.15281652544553465
640,0.0001,"[2, 2]",0.23323746770620346,0.15387307107448578
640,0.0001,"[2, 2, 2]",0.13570480607450008,0.09493660582945897
640,0.0001,"[2, 2, 2, 2]",0.107864735648036,0.05769116718035478
640,0.0001,"[2, 2, 2, 2, 2]",0.20017440989613533,0.10798610746860504
640,0.0001,"[2, 2, 2, 2, 2, 2]",0.21974362060427666,0.15765337359446746
640,0.0001,[4],0.08747288445010781,0.061169781077366606
640,0.0001,[6],0.05200189631432295,0.03614617153429068
640,0.0001,[8],0.05823861062526703,0.03327661537780212
640,0.0001,[10],0.06610549613833427,0.03378468923843824
640,0.0001,[12],0.04831072688102722,0.032867165425649054
650,0.0001,[2],0.11673776060342789,0.043525173973578676
650,0.0001,"[2, 2]",0.12597377225756645,0.07303833273740915
650,0.0001,"[2, 2, 2]",0.2256336584687233,0.15056135161564901
650,0.0001,"[2, 2, 2, 2]",0.23974770307540894,0.15025133467637575
650,0.0001,"[2, 2, 2, 2, 2]",0.2806132510304451,0.15260930416675714
650,0.0001,"[2, 2, 2, 2, 2, 2]",0.0759290186688304,0.04252579908531446
650,0.0001,[4],0.061797143425792456,0.04240850731730461
650,0.0001,[6],0.07130536437034607,0.04119351878762245
650,0.0001,[8],0.05101359263062477,0.03525537646447237
650,0.0001,[10],0.040364732034504414,0.030744416925769586
650,0.0001,[12],0.05158138182014227,0.03305002445211777
660,0.0001,[2],0.11802274733781815,0.08883708772751
660,0.0001,"[2, 2]",0.12146583944559097,0.08436140074179722
660,0.0001,"[2, 2, 2]",0.2409161441028118,0.15082533600238654
660,0.0001,"[2, 2, 2, 2]",0.12442832812666893,0.06428417563438416
660,0.0001,"[2, 2, 2, 2, 2]",0.20594188943505287,0.15381523565604135
660,0.0001,"[2, 2, 2, 2, 2, 2]",0.2193630337715149,0.15388820205743498
660,0.0001,[4],0.05227348196785897,0.038329147877028354
660,0.0001,[6],0.10565485246479511,0.04099016264081001
660,0.0001,[8],0.04322130884975195,0.03233650577469514
660,0.0001,[10],0.06396023835986853,0.03693104965182451
660,0.0001,[12],0.044082931941375136,0.03265726372886162
670,0.0001,[2],0.08004942000843585,0.06310075492813037
670,0.0001,"[2, 2]",0.1375448778271675,0.09790945826814725
670,0.0001,"[2, 2, 2]",0.22773918509483337,0.15822806381262267
670,0.0001,"[2, 2, 2, 2]",0.15615111775696278,0.058082249302130476
670,0.0001,"[2, 2, 2, 2, 2]",0.08217884413897991,0.04511379185490883
670,0.0001,"[2, 2, 2, 2, 2, 2]",0.20889396220445633,0.15162497357680246
670,0.0001,[4],0.06407163571566343,0.041655911275973685
670,0.0001,[6],0.055737731978297234,0.033164615742862225
670,0.0001,[8],0.05251097655855119,0.03676853386255411
670,0.0001,[10],0.04634056519716978,0.03278450481593609
670,0.0001,[12],0.03999211883638054,0.03182760468469216
680,0.0001,[2],0.08668603003025055,0.060498857870697975
680,0.0001,"[2, 2]",0.21449534595012665,0.15244680356520873
680,0.0001,"[2, 2, 2]",0.10009841155260801,0.046363525809003756
680,0.0001,"[2, 2, 2, 2]",0.1991344317793846,0.15078761600531065
680,0.0001,"[2, 2, 2, 2, 2]",0.28643449395895004,0.17643378159174553
680,0.0001,"[2, 2, 2, 2, 2, 2]",0.1985832154750824,0.15155227654255354
680,0.0001,[4],0.07259472087025642,0.03998469303433712
680,0.0001,[6],0.05018438491970301,0.0370232520195154
680,0.0001,[8],0.05143563635647297,0.033130927656132445
680,0.0001,[10],0.044742872938513756,0.032983436750677914
680,0.0001,[12],0.0560520775616169,0.03137230686843395
690,0.0001,[2],0.2227795422077179,0.14141877797933725
690,0.0001,"[2, 2]",0.1992458812892437,0.15231027969947228
690,0.0001,"[2, 2, 2]",0.2720337584614754,0.1669310973240779
690,0.0001,"[2, 2, 2, 2]",0.19517085701227188,0.15216830945931947
690,0.0001,"[2, 2, 2, 2, 2]",0.19598121009767056,0.15095173510221335
690,0.0001,"[2, 2, 2, 2, 2, 2]",0.23611631244421005,0.1518183946609497
690,0.0001,[4],0.05186285125091672,0.03311538445548369
690,0.0001,[6],0.05159293953329325,0.034584526832287125
690,0.0001,[8],0.04234577878378332,0.03193725602558026
690,0.0001,[10],0.06661004293709993,0.0386898061976983
690,0.0001,[12],0.06229148060083389,0.03195405930567246
700,0.0001,[2],0.27849553897976875,0.14963164696326622
700,0.0001,"[2, 2]",0.09916584007441998,0.06001528467123325
700,0.0001,"[2, 2, 2]",0.10443230252712965,0.0727219762137303
700,0.0001,"[2, 2, 2, 2]",0.07532832585275173,0.05442914782235256
700,0.0001,"[2, 2, 2, 2, 2]",0.20487368293106556,0.1517108942453678
700,0.0001,"[2, 2, 2, 2, 2, 2]",0.25252294167876244,0.15105906759317106
700,0.0001,[4],0.10410776175558567,0.06482224839811142
700,0.0001,[6],0.046098129358142614,0.03338248519083628
700,0.0001,[8],0.058913933113217354,0.03580640600277828
700,0.0001,[10],0.04767849016934633,0.03517701448156284
700,0.0001,[12],0.05303126946091652,0.03639651827800732
710,0.0001,[2],0.07028235821053386,0.0481519982075462
710,0.0001,"[2, 2]",0.08374178223311901,0.059947323627196826
710,0.0001,"[2, 2, 2]",0.06767846271395683,0.04481938338050476
710,0.0001,"[2, 2, 2, 2]",0.19757009856402874,0.14946029277948233
710,0.0001,"[2, 2, 2, 2, 2]",0.28621218726038933,0.15241491278776756
710,0.0001,"[2, 2, 2, 2, 2, 2]",0.22632622346282005,0.1543564681823437
710,0.0001,[4],0.049836717545986176,0.035873714476250686
710,0.0001,[6],0.10926135908812284,0.042549097910523415
710,0.0001,[8],0.06511538662016392,0.036936381401923984
710,0.0001,[10],0.04172835382632911,0.029437305907217357
710,0.0001,[12],0.04338662279769778,0.0319125924545985
720,0.0001,[2],0.05582473333925009,0.03654128205604278
720,0.0001,"[2, 2]",0.0841916436329484,0.05111547323087087
720,0.0001,"[2, 2, 2]",0.10790435411036015,0.06914428936747405
720,0.0001,"[2, 2, 2, 2]",0.08041843771934509,0.0576369222253561
720,0.0001,"[2, 2, 2, 2, 2]",0.22654832154512405,0.1504145207313391
720,0.0001,"[2, 2, 2, 2, 2, 2]",0.21172162517905235,0.15007157480487457
720,0.0001,[4],0.07902649790048599,0.042003879037040934
720,0.0001,[6],0.06849642656743526,0.0385371928031628
720,0.0001,[8],0.04235805617645383,0.030520092266110275
720,0.0001,[10],0.0643638139590621,0.03713916829572274
720,0.0001,[12],0.05027599027380347,0.03486518131998869
730,0.0001,[2],0.11949499882757664,0.060265810013963625
730,0.0001,"[2, 2]",0.08928356692194939,0.046270618215203285
730,0.0001,"[2, 2, 2]",0.20050863921642303,0.15019546678433052
730,0.0001,"[2, 2, 2, 2]",0.23350971192121506,0.1524453913936248
730,0.0001,"[2, 2, 2, 2, 2]",0.21653443202376366,0.15235921683219764
730,0.0001,"[2, 2, 2, 2, 2, 2]",0.23922142758965492,0.15154563291714743
730,0.0001,[4],0.1624392382800579,0.08000557926984933
730,0.0001,[6],0.06483223848044872,0.03590994256620224
730,0.0001,[8],0.049629214219748974,0.03201584933468929
730,0.0001,[10],0.03384274849668145,0.028633484831796244
730,0.0001,[12],0.03766907146200538,0.028154117986559868
740,0.0001,[2],0.10801323503255844,0.06332201696932316
740,0.0001,"[2, 2]",0.20229314640164375,0.15464953447763735
740,0.0001,"[2, 2, 2]",0.08057019300758839,0.04468902615973583
740,0.0001,"[2, 2, 2, 2]",0.23150314390659332,0.15342892133272612
740,0.0001,"[2, 2, 2, 2, 2]",0.24583566561341286,0.15467408757943374
740,0.0001,"[2, 2, 2, 2, 2, 2]",0.24150839820504189,0.14993688521476892
740,0.0001,[4],0.10722330119460821,0.0529789559256572
740,0.0001,[6],0.05771999154239893,0.03608270662908371
740,0.0001,[8],0.050785863772034645,0.03513050065017664
740,0.0001,[10],0.057015919126570225,0.03566472647854915
740,0.0001,[12],0.06651360169053078,0.031273321176950745
750,0.0001,[2],0.09178970940411091,0.05295452074362682
750,0.0001,"[2, 2]",0.10977901355363429,0.07511346357373092
750,0.0001,"[2, 2, 2]",0.16844841092824936,0.06861157514728032
750,0.0001,"[2, 2, 2, 2]",0.19826581701636314,0.1529297742706079
750,0.0001,"[2, 2, 2, 2, 2]",0.1994583960622549,0.15272913242761904
750,0.0001,"[2, 2, 2, 2, 2, 2]",0.07587527181021869,0.05278967922696701
750,0.0001,[4],0.07351245707832277,0.05134614112858589
750,0.0001,[6],0.04382072004955262,0.036524325322646364
750,0.0001,[8],0.04631105298176408,0.031859988203415505
750,0.0001,[10],0.0556992357596755,0.03571609429155405
750,0.0001,[12],0.04812857694923878,0.033140375350530334
760,0.0001,[2],0.20845387130975723,0.1524438915344385
760,0.0001,"[2, 2]",0.07026454899460077,0.042726232598607354
760,0.0001,"[2, 2, 2]",0.23573561012744904,0.15069552912161902
760,0.0001,"[2, 2, 2, 2]",0.20592568814754486,0.151393999847082
760,0.0001,"[2, 2, 2, 2, 2]",0.23827210068702698,0.1526379482104228
760,0.0001,"[2, 2, 2, 2, 2, 2]",0.20382017083466053,0.15119677782058716
760,0.0001,[4],0.09143362939357758,0.04466446618048044
760,0.0001,[6],0.07650803308933973,0.03571225215609257
760,0.0001,[8],0.05195440072566271,0.032026081489255794
760,0.0001,[10],0.044474189169704914,0.03359807669543303
760,0.0001,[12],0.05002949386835098,0.03017822538430874
770,0.0001,[2],0.09108550008386374,0.045676060307484403
770,0.0001,"[2, 2]",0.06788475415669382,0.04698573754957089
770,0.0001,"[2, 2, 2]",0.06297515775077045,0.044644586741924286
770,0.0001,"[2, 2, 2, 2]",0.239815104752779,0.14972622119463408
770,0.0001,"[2, 2, 2, 2, 2]",0.10566621087491512,0.0530723760334345
770,0.0001,"[2, 2, 2, 2, 2, 2]",0.19391208700835705,0.15353787117279494
770,0.0001,[4],0.05778650939464569,0.03811654333884899
770,0.0001,[6],0.052000388503074646,0.034709019013322316
770,0.0001,[8],0.04690587427467108,0.033312543510244444
770,0.0001,[10],0.036874938290566206,0.029141394779659234
770,0.0001,[12],0.040070949122309685,0.030782744216804322
780,0.0001,[2],0.20691320300102234,0.15347868891862723
780,0.0001,"[2, 2]",0.11525887530297041,0.04727389649129831
780,0.0001,"[2, 2, 2]",0.21738934144377708,0.1526766585615965
780,0.0001,"[2, 2, 2, 2]",0.08058282360434532,0.03746746824337886
780,0.0001,"[2, 2, 2, 2, 2]",0.24918586015701294,0.15328582376241684
780,0.0001,"[2, 2, 2, 2, 2, 2]",0.24630948528647423,0.14487281900185806
780,0.0001,[4],0.06265133339911699,0.03982204915239261
780,0.0001,[6],0.08656441699713469,0.03244926021076166
780,0.0001,[8],0.05220575351268053,0.03491617538608038
780,0.0001,[10],0.04296310618519783,0.029540907591581345
780,0.0001,[12],0.04600371606647968,0.0302305008069827
790,0.0001,[2],0.207484383136034,0.1504172356082843
790,0.0001,"[2, 2]",0.10243541933596134,0.059029729320452765
790,0.0001,"[2, 2, 2]",0.3003357760608196,0.15244089009670111
790,0.0001,"[2, 2, 2, 2]",0.11123178410343826,0.08466201991989063
790,0.0001,"[2, 2, 2, 2, 2]",0.09009624645113945,0.0510078459404982
790,0.0001,"[2, 2, 2, 2, 2, 2]",0.21276530995965004,0.15155388586796248
790,0.0001,[4],0.07863916829228401,0.05054929795173498
790,0.0001,[6],0.04235704988241196,0.030954316544991273
790,0.0001,[8],0.05728277936577797,0.03377841964650612
790,0.0001,[10],0.044564439449459314,0.030435742953648932
790,0.0001,[12],0.037386504001915455,0.027990618362449683
800,0.0001,[2],0.2993561029434204,0.1550649249782929
800,0.0001,"[2, 2]",0.06376639567315578,0.04288854535955649
800,0.0001,"[2, 2, 2]",0.21125708892941475,0.15323581374608553
800,0.0001,"[2, 2, 2, 2]",0.22068338096141815,0.15305000027784935
800,0.0001,"[2, 2, 2, 2, 2]",0.204213572666049,0.14937432969991976
800,0.0001,"[2, 2, 2, 2, 2, 2]",0.241091500967741,0.15692989986676437
800,0.0001,[4],0.06112955417484045,0.04027666610020857
800,0.0001,[6],0.04720119608100504,0.035750821590996705
800,0.0001,[8],0.049338080920279026,0.036517859221651
800,0.0001,[10],0.056835644878447056,0.038017011319215484
800,0.0001,[12],0.04622269282117486,0.03287336301918213
810,0.0001,[2],0.06204457674175501,0.03708072794744602
810,0.0001,"[2, 2]",0.28757695108652115,0.15008959288780505
810,0.0001,"[2, 2, 2]",0.0911481836810708,0.0628294821542043
810,0.0001,"[2, 2, 2, 2]",0.21250594779849052,0.15112334891007498
810,0.0001,"[2, 2, 2, 2, 2]",0.21149413287639618,0.15163623197720602
810,0.0001,"[2, 2, 2, 2, 2, 2]",0.20382938161492348,0.15277685053073442
810,0.0001,[4],0.056112632155418396,0.03663690545811103
810,0.0001,[6],0.05231250077486038,0.03467130804291138
810,0.0001,[8],0.04273933358490467,0.03240845223458914
810,0.0001,[10],0.051058804616332054,0.02886163550787247
810,0.0001,[12],0.033092110650613904,0.027783380892987434
820,0.0001,[2],0.05716869607567787,0.03459678045832194
820,0.0001,"[2, 2]",0.232030738145113,0.15302777806153664
820,0.0001,"[2, 2, 2]",0.24722224846482277,0.14909099300320333
820,0.0001,"[2, 2, 2, 2]",0.20067387260496616,0.15155553359251756
820,0.0001,"[2, 2, 2, 2, 2]",0.1962546966969967,0.1501496686385228
820,0.0001,"[2, 2, 2, 2, 2, 2]",0.22046148777008057,0.15159209703023618
820,0.0001,[4],0.06975010968744755,0.038322753917712435
820,0.0001,[6],0.06558991596102715,0.03677693811746744
820,0.0001,[8],0.10221956856548786,0.030921197997835968
820,0.0001,[10],0.05465931072831154,0.037485805268471055
820,0.0001,[12],0.03836929006502032,0.027293851599097252
830,0.0001,[2],0.08422368066385388,0.06576310026531036
830,0.0001,"[2, 2]",0.14293750375509262,0.0806219781247469
830,0.0001,"[2, 2, 2]",0.06490806490182877,0.041507096674579844
830,0.0001,"[2, 2, 2, 2]",0.07389082200825214,0.05012621386693074
830,0.0001,"[2, 2, 2, 2, 2]",0.06154640298336744,0.037887521589604706
830,0.0001,"[2, 2, 2, 2, 2, 2]",0.21204396337270737,0.15477591638381666
830,0.0001,[4],0.05902501009404659,0.035301179553453736
830,0.0001,[6],0.050614540465176105,0.033058228687598154
830,0.0001,[8],0.038454086519777775,0.028977641405967567
830,0.0001,[10],0.04064110666513443,0.030904327161037005
830,0.0001,[12],0.10308748576790094,0.03334344221422306
840,0.0001,[2],0.20622343942523003,0.15364456749879396
840,0.0001,"[2, 2]",0.2928697057068348,0.151697715314535
840,0.0001,"[2, 2, 2]",0.2339322306215763,0.15531975145523363
840,0.0001,"[2, 2, 2, 2]",0.0853702500462532,0.05809300020337105
840,0.0001,"[2, 2, 2, 2, 2]",0.2535584419965744,0.15052109842117017
840,0.0001,"[2, 2, 2, 2, 2, 2]",0.1984347477555275,0.1502701645860305
840,0.0001,[4],0.06825401727110147,0.038604808828005426
840,0.0001,[6],0.045115438057109714,0.03547970520762297
840,0.0001,[8],0.08816693257540464,0.03298111790074752
840,0.0001,[10],0.05179278552532196,0.033916265775377936
840,0.0001,[12],0.06080714240670204,0.03388749736432846
850,0.0001,[2],0.08754406496882439,0.05896560432246098
850,0.0001,"[2, 2]",0.08636429347097874,0.049227829449451886
850,0.0001,"[2, 2, 2]",0.24358920753002167,0.15201827711783922
850,0.0001,"[2, 2, 2, 2]",0.2361673042178154,0.15179349997868904
850,0.0001,"[2, 2, 2, 2, 2]",0.1903473623096943,0.1556810332605472
850,0.0001,"[2, 2, 2, 2, 2, 2]",0.06548197008669376,0.04332169503546678
850,0.0001,[4],0.04384415317326784,0.03017332419179953
850,0.0001,[6],0.046003454364836216,0.030916909042459268
850,0.0001,[8],0.039918276481330395,0.03291919705672906
850,0.0001,[10],0.04082427639514208,0.029009213527807824
850,0.0001,[12],0.04000300355255604,0.029780590620178442
860,0.0001,[2],0.13318452471867204,0.06750746730428475
860,0.0001,"[2, 2]",0.2013609018176794,0.1522105525319393
860,0.0001,"[2, 2, 2]",0.23193754255771637,0.154679448558734
860,0.0001,"[2, 2, 2, 2]",0.06957354489713907,0.04287146189464973
860,0.0001,"[2, 2, 2, 2, 2]",0.23525016754865646,0.15681199442881805
860,0.0001,"[2, 2, 2, 2, 2, 2]",0.22419804334640503,0.15399601138555086
860,0.0001,[4],0.05421904195100069,0.039142391142936855
860,0.0001,[6],0.0627399031072855,0.037406694573851734
860,0.0001,[8],0.06152432598173618,0.03368492546276404
860,0.0001,[10],0.05120432423427701,0.029673161235852882
860,0.0001,[12],0.05321808299049735,0.033763946750416204
870,0.0001,[2],0.22911246120929718,0.1517933217378763
870,0.0001,"[2, 2]",0.05191874876618385,0.034791682775203996
870,0.0001,"[2, 2, 2]",0.10987784713506699,0.061489404107515626
870,0.0001,"[2, 2, 2, 2]",0.23013349249958992,0.1528348853954902
870,0.0001,"[2, 2, 2, 2, 2]",0.18738047406077385,0.15226018142241698
870,0.0001,"[2, 2, 2, 2, 2, 2]",0.06267134100198746,0.04294721173265806
870,0.0001,[4],0.05196096282452345,0.036697483693177886
870,0.0001,[6],0.04150838567875326,0.03182820574595378
870,0.0001,[8],0.04430378833785653,0.03194762393832207
870,0.0001,[10],0.05047307629138231,0.03248858165282469
870,0.0001,[12],0.08182612154632807,0.029857190182575814
880,0.0001,[2],0.07142288843169808,0.045709543861448765
880,0.0001,"[2, 2]",0.13733459822833538,0.06810596241400792
880,0.0001,"[2, 2, 2]",0.05563560873270035,0.03931673881239616
880,0.0001,"[2, 2, 2, 2]",0.1686137691140175,0.07826744421170308
880,0.0001,"[2, 2, 2, 2, 2]",0.24044819921255112,0.15163781952399474
880,0.0001,"[2, 2, 2, 2, 2, 2]",0.23311186954379082,0.15229454923134583
880,0.0001,[4],0.06261747470125556,0.04137344730014984
880,0.0001,[6],0.05208291043527424,0.03688177308784081
880,0.0001,[8],0.061337162740528584,0.04160250379489018
880,0.0001,[10],0.09204580914229155,0.03643908351659775
880,0.0001,[12],0.03561367653310299,0.02513659867243125
890,0.0001,[2],0.1708763875067234,0.07793992241987815
890,0.0001,"[2, 2]",0.20345895551145077,0.15135694696353033
890,0.0001,"[2, 2, 2]",0.20849819108843803,0.15011675426593193
890,0.0001,"[2, 2, 2, 2]",0.08483499474823475,0.0513036514704044
890,0.0001,"[2, 2, 2, 2, 2]",0.048751864582300186,0.03533983101638464
890,0.0001,"[2, 2, 2, 2, 2, 2]",0.20950599014759064,0.15241081898029035
890,0.0001,[4],0.04812609916552901,0.03545165950289139
890,0.0001,[6],0.07307677995413542,0.03415412699373869
890,0.0001,[8],0.08198719471693039,0.03182091907812999
890,0.0001,[10],0.04450704297050834,0.033909849679240815
890,0.0001,[12],0.04766553267836571,0.03295219625131442
900,0.0001,[2],0.073491295799613,0.0502345127841601
900,0.0001,"[2, 2]",0.10045695304870605,0.05297060883962191
900,0.0001,"[2, 2, 2]",0.1529420642182231,0.10745185384383568
900,0.0001,"[2, 2, 2, 2]",0.2138630524277687,0.14975187297050768
900,0.0001,"[2, 2, 2, 2, 2]",0.21156616881489754,0.15023727944264045
900,0.0001,"[2, 2, 2, 2, 2, 2]",0.187831349670887,0.15426966547966003
900,0.0001,[4],0.08729383256286383,0.038628775626420975
900,0.0001,[6],0.05424448335543275,0.03645127366941709
900,0.0001,[8],0.051535378908738494,0.035014654509723186
900,0.0001,[10],0.055477650836110115,0.03522273224706833
900,0.0001,[12],0.05026740999892354,0.02801175988637484
910,0.0001,[2],0.04955291422083974,0.03911911295010494
910,0.0001,"[2, 2]",0.060788316652178764,0.04126619146420406
910,0.0001,"[2, 2, 2]",0.06478181574493647,0.038752131593915135
910,0.0001,"[2, 2, 2, 2]",0.30286483466625214,0.15272638173057482
910,0.0001,"[2, 2, 2, 2, 2]",0.22068606317043304,0.15391746449929017
910,0.0001,"[2, 2, 2, 2, 2, 2]",0.24094465374946594,0.15015222762639707
910,0.0001,[4],0.08596799150109291,0.030961161837554894
910,0.0001,[6],0.06770822871476412,0.03736912072277986
910,0.0001,[8],0.09041750244796276,0.030030014996345226
910,0.0001,[10],0.0514927739277482,0.03229893550563317
910,0.0001,[12],0.04178082384169102,0.0293175086665612
920,0.0001,[2],0.22207368910312653,0.14983261147370705
920,0.0001,"[2, 2]",0.050105547066777945,0.03404621636638275
920,0.0001,"[2, 2, 2]",0.19278979673981667,0.15747471440296906
920,0.0001,"[2, 2, 2, 2]",0.24205024912953377,0.1514298961712764
920,0.0001,"[2, 2, 2, 2, 2]",0.23183126747608185,0.15175689699558112
920,0.0001,"[2, 2, 2, 2, 2, 2]",0.30711378157138824,0.15215909767609376
920,0.0001,[4],0.07029529754072428,0.04293743492319034
920,0.0001,[6],0.05988586135208607,0.043480043657697164
920,0.0001,[8],0.052627547178417444,0.03433810847883041
920,0.0001,[10],0.05514258146286011,0.03360800502391962
920,0.0001,[12],0.03584819770185277,0.027211310592694923
930,0.0001,[2],0.10452501475811005,0.06527798078381099
930,0.0001,"[2, 2]",0.07557706069201231,0.03983268141746521
930,0.0001,"[2, 2, 2]",0.33339788019657135,0.1551871018914076
930,0.0001,"[2, 2, 2, 2]",0.2532844804227352,0.15033372663534605
930,0.0001,"[2, 2, 2, 2, 2]",0.2270641066133976,0.154508450283454
930,0.0001,"[2, 2, 2, 2, 2, 2]",0.3078557215631008,0.15219449996948242
930,0.0001,[4],0.0761034032329917,0.049304912583186075
930,0.0001,[6],0.05054937209933996,0.03530951969038982
930,0.0001,[8],0.048278442583978176,0.03715823941792433
930,0.0001,[10],0.030802540946751833,0.025677151476534512
930,0.0001,[12],0.04398591723293066,0.028305545305976502
940,0.0001,[2],0.04677556827664375,0.034350440765802674
940,0.0001,"[2, 2]",0.09860417153686285,0.03848452665484869
940,0.0001,"[2, 2, 2]",0.19181475788354874,0.15567201032088354
940,0.0001,"[2, 2, 2, 2]",0.18178447103127837,0.15312493248627737
940,0.0001,"[2, 2, 2, 2, 2]",0.04904226353392005,0.03434606806303446
940,0.0001,"[2, 2, 2, 2, 2, 2]",0.28972868993878365,0.15545906584996444
940,0.0001,[4],0.04663820471614599,0.03747835998924879
940,0.0001,[6],0.04120653122663498,0.033333068928466394
940,0.0001,[8],0.030050675850361586,0.025819772567886572
940,0.0001,[10],0.04318987752776593,0.03261171768491085
940,0.0001,[12],0.03958146274089813,0.027004714123904705
950,0.0001,[2],0.12972516007721424,0.05350465986591119
950,0.0001,"[2, 2]",0.1158657893538475,0.05689604823979048
950,0.0001,"[2, 2, 2]",0.09232983831316233,0.04419924676991426
950,0.0001,"[2, 2, 2, 2]",0.04315082146786153,0.03448437569806209
950,0.0001,"[2, 2, 2, 2, 2]",0.19945594295859337,0.15192265980518782
950,0.0001,"[2, 2, 2, 2, 2, 2]",0.30890315398573875,0.1551759518109835
950,0.0001,[4],0.06088629923760891,0.04002866363869263
950,0.0001,[6],0.04942293418571353,0.033951128976276286
950,0.0001,[8],0.0688825324177742,0.034130650787399366
950,0.0001,[10],0.05216870456933975,0.030708411923394754
950,0.0001,[12],0.05402258411049843,0.03324783622072293
960,0.0001,[2],0.08851872198283672,0.04235983016685797
960,0.0001,"[2, 2]",0.05822893138974905,0.039965103881863445
960,0.0001,"[2, 2, 2]",0.05048314202576876,0.03292615102747312
960,0.0001,"[2, 2, 2, 2]",0.1849453942850232,0.1511411936237262
960,0.0001,"[2, 2, 2, 2, 2]",0.19877665862441063,0.15158772525879052
960,0.0001,"[2, 2, 2, 2, 2, 2]",0.19321263022720814,0.1504541406264672
960,0.0001,[4],0.05714415106922388,0.034224919974803925
960,0.0001,[6],0.06159110739827156,0.036364144717271514
960,0.0001,[8],0.0517864937428385,0.030616202821525242
960,0.0001,[10],0.042094625532627106,0.030333004891872406
960,0.0001,[12],0.03974114637821913,0.026324560435918663
970,0.0001,[2],0.043876693584024906,0.033711389208642334
970,0.0001,"[2, 2]",0.08206244744360447,0.0401138558697242
970,0.0001,"[2, 2, 2]",0.22374043613672256,0.14894748020630616
970,0.0001,"[2, 2, 2, 2]",0.198790080845356,0.1510185249722921
970,0.0001,"[2, 2, 2, 2, 2]",0.23736591264605522,0.15238112727036843
970,0.0001,"[2, 2, 2, 2, 2, 2]",0.2308046817779541,0.15132217854261398
970,0.0001,[4],0.08782071433961391,0.046081132040574
970,0.0001,[6],0.07123966235667467,0.041392877841225036
970,0.0001,[8],0.1047588549554348,0.036761158504165135
970,0.0001,[10],0.04296606220304966,0.030186311198541753
970,0.0001,[12],0.03451942908577621,0.027969167639429752
980,0.0001,[2],0.1258123405277729,0.053451669903901905
980,0.0001,"[2, 2]",0.23314015567302704,0.15325206518173218
980,0.0001,"[2, 2, 2]",0.09983772365376353,0.07115657899815303
980,0.0001,"[2, 2, 2, 2]",0.06287580635398626,0.040286302709808715
980,0.0001,"[2, 2, 2, 2, 2]",0.24471892416477203,0.14988387032197073
980,0.0001,"[2, 2, 2, 2, 2, 2]",0.193889532238245,0.1605967437991729
980,0.0001,[4],0.04879275755956769,0.03336240394184223
980,0.0001,[6],0.11214368790388107,0.04199618631257461
980,0.0001,[8],0.03604191297199577,0.0297793190783033
980,0.0001,[10],0.044428855646401644,0.030865069693670824
980,0.0001,[12],0.0341755177360028,0.02965455803160484
990,0.0001,[2],0.29547130316495895,0.14941067764392266
990,0.0001,"[2, 2]",0.04806485399603844,0.03279449948324607
990,0.0001,"[2, 2, 2]",0.10507214348763227,0.04264062241866039
990,0.0001,"[2, 2, 2, 2]",0.24025795608758926,0.15214934314672762
990,0.0001,"[2, 2, 2, 2, 2]",0.23189742490649223,0.15035465416999963
990,0.0001,"[2, 2, 2, 2, 2, 2]",0.2631448470056057,0.15408040067324272
990,0.0001,[4],0.046406366396695375,0.03446287475526333
990,0.0001,[6],0.06103056576102972,0.0408267337255753
990,0.0001,[8],0.05540791968815029,0.038445570291234896
990,0.0001,[10],0.0951923318207264,0.035182046345793284
990,0.0001,[12],0.04816318256780505,0.02943921547669631
1000,0.0001,[2],0.05788686778396368,0.03576936386525631
1000,0.0001,"[2, 2]",0.06145980767905712,0.038496679411484644
1000,0.0001,"[2, 2, 2]",0.07433490641415119,0.04816615316443718
1000,0.0001,"[2, 2, 2, 2]",0.20667113736271858,0.15107694841348207
1000,0.0001,"[2, 2, 2, 2, 2]",0.18733600713312626,0.14980773971630976
1000,0.0001,"[2, 2, 2, 2, 2, 2]",0.24501319602131844,0.15364223317458078
1000,0.0001,[4],0.06474158726632595,0.04176855818010294
1000,0.0001,[6],0.0779679506085813,0.031448045888772376
1000,0.0001,[8],0.049752417020499706,0.032463474485736624
1000,0.0001,[10],0.09720981866121292,0.03735318249807908
1000,0.0001,[12],0.04651691019535065,0.03230699080114181
