generation_index,ensemble_size,learning_rate,loss_test,average_active_hidden_node_num,diversity_coefficient_test,population_diversity_test,max_population_diversity_test,correlation_penalty_coefficient_test,subpopulation_num,average_niche_radius,average_sharing_factor,average_raw_fitness,average_adjusted_fitness
0,50,0.001,0.6022210121154785,0.0,0.25617486238479614,0.0,0.0,0.9,1,0.14322874018800097,3.412894206857538,-0.48805846750736237,-0.22761549853219398
10,50,0.001,0.34154021739959717,0.0,0.06645900756120682,0.062135201495847864,0.20865040723082337,0.6617634115533371,2,0.12804405776563502,6.650703654013373,-0.2902288046479225,-0.15514404741355992
20,50,0.001,0.38057470321655273,0.0,0.09141655266284943,0.04742161774402095,0.20865040723082337,0.7181777131484439,2,0.186176820620245,6.716845007049854,-0.37638730198144915,-0.32255080354264726
30,50,0.001,0.3751745820045471,0.0,0.1002732515335083,0.034727224465019316,0.20865040723082337,0.7668501061621158,2,0.19787925447205912,7.465212243425758,-0.39969932615756987,-0.305055390351716
40,50,0.001,0.3699105679988861,0.0,0.1012473776936531,0.07764516628020116,0.20865040723082337,0.6022956540149773,2,0.15223455410899087,7.534450523173916,-0.3372656711935997,-0.21860791017577924
50,50,0.001,0.33339667320251465,0.0,0.0515422485768795,0.05183340671554773,0.20865040723082337,0.7012621881606738,2,0.17087330277364302,7.004826891372983,-0.30590622156858444,-0.19838863359073935
60,50,0.001,0.3150741755962372,0.0,0.024824323132634163,0.006467230348102248,0.20865040723082337,0.8752035744998178,2,0.12384702701674544,7.661445091427054,-0.28836714386940004,-0.175472488345777
70,50,0.001,0.3848913609981537,0.0,0.10753423720598221,0.10587424543223563,0.20865040723082337,0.49406071874047086,2,0.19593788787905522,6.575192140093556,-0.4224717688560486,-0.3289910843428973
80,50,0.001,0.3954194486141205,0.0,0.13995222747325897,0.054555579842454814,0.20865040723082337,0.6908249283899965,2,0.15456056229406445,9.563513862030998,-0.3677611806988716,-0.24335178200951332
90,50,0.001,0.3616374135017395,0.0,0.10078815370798111,0.09199757495156871,0.20865040723082337,0.5472661571188032,2,0.17601422791727914,7.225909272303954,-0.3348389756679535,-21.04935579921347
100,50,0.001,0.31920430064201355,0.0,0.02729976363480091,0.025774876300805757,0.20865040723082337,0.8011748823579652,2,0.15545295490876768,6.018417855334514,-0.2638478237390518,-0.15370971009712617
110,50,0.001,0.35071808099746704,0.0,0.07870295643806458,0.07173036807150743,0.20865040723082337,0.624973963776052,2,0.13640933946591982,5.842978005976046,-0.3032030937075615,-0.17970442600102465
120,50,0.001,0.3375522494316101,0.0,0.08116878569126129,0.02846519499268118,0.2204057752951756,0.7966807654488743,2,0.2114099191551418,6.799932879616172,-0.30395109444856644,-0.29858114246655776
130,50,0.001,0.33365797996520996,0.0,0.05939518287777901,0.05481680023533625,0.2204057752951756,0.7010331619961463,2,0.22100690667110337,6.341184713386672,-0.3461733338236809,-0.3056771859119647
140,50,0.001,0.3282707929611206,0.0,0.04488993063569069,0.04826703716005702,0.2204057752951756,0.7248066336903703,2,0.1768472196557128,6.585237227494407,-0.30939477622509004,-0.3588585220585893
150,50,0.001,0.3420705497264862,0.0,0.12166553735733032,0.11578000263711068,0.2204057752951756,0.4797569188663816,2,0.1591475717503001,6.933342068513838,-0.30676321595907213,-0.19430954599316505
160,50,0.001,0.38922300934791565,0.0,0.3235955834388733,0.33611493940361503,0.33611493940361503,0.09999999999999998,2,0.2384768141973339,5.398754809769457,-0.40059757202863694,-0.3076332456269087
170,50,0.001,0.32030490040779114,0.0,0.05090295150876045,0.013128745499573456,0.33611493940361503,0.8687517715865449,2,0.22594641234980173,8.034432254973927,-0.3498541170358658,-0.6459161482504703
180,50,0.001,0.3414652347564697,0.0,0.07532260566949844,0.007504076259773429,0.33611493940361503,0.8821392615916728,2,0.18624432802040627,8.881329682780008,-0.3380073428153992,-0.2767007747562057
190,50,0.001,0.3350846469402313,0.0,0.0951060876250267,0.09855128834424132,0.33611493940361503,0.6654343159655906,2,0.1986195735477282,5.7500071053963815,-0.2930953067541122,-0.21276218438279101
200,50,0.001,0.3361523151397705,0.0,0.06927702575922012,0.012494827288962665,0.33611493940361503,0.8702605845223474,2,0.15857323564109993,8.133794907595677,-0.31985636442899706,-0.21548004656834432
210,50,0.001,0.30819395184516907,0.0,0.02808288112282753,0.02457222380428727,0.33611493940361503,0.8415147119663602,2,0.21110993702359407,6.008399584759073,-0.34599391102790833,-0.2525021723417674
220,50,0.001,0.3267781436443329,0.0,0.08239277452230453,0.02765721206271975,0.33611493940361503,0.8341720136289252,2,0.12796747971737085,9.950444778113376,-0.2867082417011261,-0.1568959846507763
230,50,0.001,0.3779307007789612,0.0,0.17541685700416565,0.048021518290414164,0.33611493940361503,0.7857021508758377,2,0.23605025083990458,7.314951714623085,-0.39096800357103345,-0.33281393464468173
240,50,0.001,0.29745185375213623,0.0,0.008157636970281601,0.010854043811489956,0.33611493940361503,0.8741658759214956,2,0.18510973138074885,6.811552190310732,-0.30582200139760973,-0.18056221944209738
250,50,0.001,0.3347557783126831,0.0,0.058894939720630646,0.028903883979745835,0.33611493940361503,0.8312047622018078,2,0.22876753347095863,7.716045274648298,-0.3649201402068138,-0.2608290676419546
260,50,0.001,0.30547264218330383,0.0,0.019868796691298485,0.00509489283788341,0.33611493940361503,0.8878734510357117,2,0.12191156018348681,10.737125632740051,-0.2639202880859375,-0.15173708659896717
270,50,0.001,0.3479998707771301,0.0,0.1050405502319336,0.0850782157523051,0.33611493940361503,0.6975020904378402,2,0.2696488706330911,4.84043414872549,-0.4066516771912575,-0.4016360117728518
280,50,0.001,0.30090561509132385,0.0,0.022640539333224297,0.03800024953417739,0.33611493940361503,0.8095541552503366,2,0.1948428087300696,5.279915055718691,-0.31991553157567976,-0.20845672953644406
290,50,0.001,0.31315943598747253,0.0,0.03360288217663765,0.048851555832112335,0.33611493940361503,0.7837265468323615,2,0.2261680518972351,7.038462677828344,-0.33888062834739685,-0.2729233601087124
300,50,0.001,0.3467632234096527,0.0,0.12170549482107162,0.12199570514805771,0.33611493940361503,0.6096333644329631,2,0.17251341394847616,6.835939981940111,-0.3302658271789551,-0.2486665554045902
310,50,0.001,0.3068313002586365,0.0,0.03623023256659508,0.006907990173622938,0.33611493940361503,0.8835580288436328,2,0.23426874991417035,5.504915005720623,-0.36204427629709246,-0.3330233283371055
320,50,0.001,0.329431414604187,0.0,0.15456759929656982,0.040961259749284606,0.33611493940361503,0.802506541787249,2,0.20499559035992887,7.614597170298039,-0.33370156049728394,-0.22232337111173942
330,50,0.001,0.3195852041244507,0.0,0.07914142310619354,0.01632875628614782,0.33611493940361503,0.8611353037383682,2,0.2017801887683278,7.125148246833166,-0.33631310433149336,-0.22422881635037534
340,50,0.001,0.3382783830165863,0.0,0.0923675000667572,0.13470934889762173,0.33611493940361503,0.5793731355431138,2,0.2564132340745566,4.866804806027486,-0.38478050589561463,-0.38228505739676344
350,50,0.001,0.2860206067562103,0.0,0.0,0.0,0.33611493940361503,0.9,2,0.14850928670926533,6.137810534947065,-0.24941969096660613,-0.12434749323362476
360,50,0.001,0.3072463870048523,0.0,0.035587988793849945,0.03996466849425369,0.33611493940361503,0.8048785666827785,2,0.175982041185588,6.67876389064695,-0.33259727478027346,-1.0242914409535901
370,50,0.001,0.32619810104370117,0.0,0.05861477926373482,0.09533294267418328,0.33611493940361503,0.6730944233699647,2,0.2045246655981153,7.429849863854689,-0.2948444792628288,-0.32422483252263157
380,50,0.001,0.3086601495742798,0.0,0.03619975969195366,0.06579547410887568,0.33611493940361503,0.7433976800302426,2,0.19273802465160125,8.528818935250056,-0.32827017426490784,-0.21516314717753002
390,50,0.001,0.2998209297657013,0.0,0.0236017145216465,0.046019757073397505,0.33611493940361503,0.7904666191748512,2,0.23067769572992652,6.430111513840586,-0.32753989338874817,-0.26710922258701364
400,50,0.001,0.3299413323402405,0.0,0.06770153343677521,0.08551486512034492,0.33611493940361503,0.6964628046058814,2,0.2365789814479082,7.910170651171196,-0.32187694281339646,-0.2321284349953634
410,50,0.001,0.31238290667533875,0.0,0.08829734474420547,0.014156932547078456,0.33611493940361503,0.866304544339034,2,0.14844464604595944,9.190234911664321,-0.30628888964653017,-0.17922439420343614
420,50,0.001,0.2907981872558594,0.0,0.0029451041482388973,0.010746687310350111,0.33611493940361503,0.8744213992286841,2,0.1816348566243316,6.627827323657035,-0.26220292448997495,-0.18620777348548512
430,50,0.001,0.3161933422088623,0.0,0.025437159463763237,0.009217511966120744,0.33611493940361503,0.8780610478487488,2,0.20226682252320308,7.393166821216451,-0.3382492679357529,-0.2283677825399415
440,50,0.001,0.31042027473449707,0.0,0.03926444426178932,0.03586950720552778,0.33611493940361503,0.8146256164175916,2,0.187604100407396,6.645466340461749,-0.3069115436077118,-0.19166241940003595
450,50,0.001,0.32105889916419983,0.0,0.055997639894485474,0.09181457335542238,0.33611493940361503,0.681468628515392,2,0.17936584513323184,8.977882985144642,-0.3129820737242699,-0.24840516226939383
460,50,0.001,0.28835412859916687,0.0,0.0010570079321041703,0.0045487454471177455,0.33611493940361503,0.8891733572921482,2,0.181742871278744,8.19953970414062,-0.2922154533863068,-0.17919999942892006
470,50,0.001,0.3292984366416931,0.0,0.06100999191403389,0.05772679961638277,0.33611493940361503,0.762602240248386,2,0.1761602690908277,8.412672478639836,-0.3129969251155853,-0.25699398258968753
480,50,0.001,0.2898978292942047,0.0,0.001588092534802854,0.00711829203092972,0.33611493940361503,0.8830574813638215,2,0.17239580784319766,7.138412885428318,-0.3115482959151268,-0.19861567360506452
490,50,0.001,0.3093508183956146,0.0,0.02349337376654148,0.03688223078109854,0.33611493940361503,0.8122151943700201,2,0.15168194059816617,6.812045753407516,-0.2694843545556068,-0.14533860191350711
500,50,0.001,0.29226917028427124,0.0,0.007139199413359165,0.020406226898654074,0.33611493940361503,0.8514303602574481,2,0.24097030157890606,6.499486316950551,-0.3139820867776871,-0.3084187159184813
0,100,0.001,0.6338820457458496,0.0,0.41078153252601624,0.0,0.0,0.9,1,0.14863549831778497,7.747036382644691,-0.5179396517574787,-0.2265061311562982
10,100,0.001,0.32283270359039307,0.0,0.037135474383831024,0.019073114257548388,0.09941966560119395,0.7465244143221553,2,0.15706473137454616,17.205377085706992,-0.3202072986960411,-0.17172910165695796
20,100,0.001,0.35360899567604065,0.0,0.0870499536395073,0.04927459759273207,0.12876101059808573,0.5938539244831642,2,0.21380414888931065,13.739324699647284,-0.3733219653367996,-0.23663170664193037
30,100,0.001,0.3736283779144287,0.0,0.11941776424646378,0.06815577066207924,0.12876101059808573,0.4765440463972717,2,0.17800253827676085,14.855995656921175,-0.3544860914349556,-0.20945463896010025
40,100,0.001,0.358412504196167,0.0,0.09131477028131485,0.06911398253134009,0.12876101059808573,0.47059061770136434,2,0.15440626822321105,15.62236619285964,-0.3408277361094952,-0.20913285000575282
50,100,0.001,0.3419092297554016,0.0,0.061562005430459976,0.036136102530305955,0.12887717466536627,0.675686562812169,2,0.15807725677768408,13.338043473826236,-0.3135174585878849,-0.32226660899995246
60,100,0.001,0.35308724641799927,0.0,0.0665646567940712,0.048268207363999435,0.12887717466536627,0.6003769985533629,2,0.1653711634679238,16.355455750996374,-0.3357487095892429,-0.20290660086023973
70,100,0.001,0.3859928250312805,0.0,0.10434304177761078,0.08138166558152785,0.12887717466536627,0.3948265072207676,2,0.16059361837598346,12.155000896311737,-0.34905208855867387,-0.17940568360162146
80,100,0.001,0.34224775433540344,0.0,0.07199864089488983,0.06311435719916868,0.12887717466536627,0.508220106543787,2,0.18316634787611566,12.687874023603912,-0.35096985086798665,-0.21112400506166884
90,100,0.001,0.3463658094406128,0.0,0.05707522854208946,0.05068576652848989,0.12887717466536627,0.5853700949910045,2,0.177787126894811,15.928634998028526,-0.3390824343264103,-0.2944919307449873
100,100,0.001,0.3810949921607971,0.0,0.09609317779541016,0.08797397625648216,0.12887717466536627,0.35390499762329886,2,0.18799510505026143,12.284828130986448,-0.40069384455680845,-0.23941000654915306
110,100,0.001,0.37757566571235657,0.0,0.11271380633115768,0.06035823804705229,0.12887717466536627,0.5253286079321686,2,0.16659888878636833,14.144720125451986,-0.35322916477918626,-0.1989598218540158
120,100,0.001,0.36691150069236755,0.0,0.11715452373027802,0.029564355146539205,0.1446054865302753,0.7364413087999979,2,0.2096523185848543,12.909629559557407,-0.3658997365832329,-0.29359037820512507
130,100,0.001,0.35802873969078064,0.0,0.1216297447681427,0.050620258657386154,0.1446054865302753,0.6199538696795543,2,0.21370340964478138,14.279095487674429,-0.3671590082347393,-0.26899325368234406
140,100,0.001,0.32642921805381775,0.0,0.06337554007768631,0.007872457403453874,0.1446054865302753,0.8564472547074172,2,0.19811961831186511,19.21946118587048,-0.32246686697006227,-0.19737398223637445
150,100,0.001,0.37125030159950256,0.0,0.14376933872699738,0.09934037113209877,0.1446054865302753,0.3504199058239722,2,0.17697534268676107,15.132419414633711,-0.3458809494972229,-0.3611228701301548
160,100,0.001,0.3815470039844513,0.0,0.11899401992559433,0.0947760837527881,0.1446054865302753,0.3756708834394311,2,0.18262270696209174,14.085533594943545,-0.35763458758592603,-0.22255652602880488
170,100,0.001,0.351231187582016,0.0,0.059951137751340866,0.03954107633605107,0.1446054865302753,0.6812471585425077,2,0.1841173881241373,13.499934172444753,-0.3477592895925045,-0.25030429024731726
180,100,0.001,0.36198511719703674,0.0,0.16948392987251282,0.10788871549935233,0.15920773560729926,0.3578719930269221,2,0.18311838764720614,16.167409235888577,-0.3512935866415501,-0.3041955471899901
190,100,0.001,0.37160325050354004,0.0,0.06425558775663376,0.04229149766975838,0.15920773560729926,0.687490237162474,2,0.1735337932348104,13.630411479162571,-0.35610601454973223,-0.2483367541504501
200,100,0.001,0.3922494351863861,0.0,0.07704684138298035,0.04292548749402412,0.15920773560729926,0.6843045134444782,2,0.23271671264390648,12.090490301717745,-0.40856182247400286,-0.46005262557231796
210,100,0.001,0.3938486874103546,0.0,0.0942724347114563,0.07931729887665859,0.15920773560729926,0.5014399748901542,2,0.18925684856817093,13.214640085106689,-0.41013494223356245,-0.5194208208607038
220,100,0.001,0.3442123234272003,0.0,0.05864838883280754,0.044046635032943184,0.15920773560729926,0.6786708799547865,2,0.1987290171843913,16.92463875870663,-0.35847352206707,-0.6995437293879085
230,100,0.001,0.3811197578907013,0.0,0.1201535314321518,0.09022251176123566,0.15920773560729926,0.4466425727765997,2,0.15269322632139412,17.111205917790492,-0.3581300047039986,-0.21649579547869383
240,100,0.001,0.3784320652484894,0.0,0.1265348494052887,0.09937707597738508,0.15920773560729926,0.400641972711638,2,0.19938072555395311,14.006721027348256,-0.3508901037275791,-0.21209613104484398
250,100,0.001,0.4006935656070709,0.0,0.1364082545042038,0.09956169097520214,0.15920773560729926,0.3997143042306419,2,0.20322521365073867,14.606271206149126,-0.38923050224781036,-0.24617466906692215
260,100,0.001,0.3931266963481903,0.0,0.10212898999452591,0.07377966289181637,0.15920773560729926,0.5292659393194271,2,0.20116133542364859,13.670736127030953,-0.4067873565852642,-0.2373426616688465
270,100,0.001,0.405268132686615,0.0,0.17232374846935272,0.06406111839314554,0.15920773560729926,0.5781004734535851,2,0.1811744029662875,12.397235061282371,-0.41077413856983186,-0.24409613213567347
280,100,0.001,0.3768974244594574,0.0,0.11111311614513397,0.04052939688081288,0.15920773560729926,0.6963445847592108,2,0.21512052436669551,14.650522028002497,-0.429002091884613,-0.2912852612999565
290,100,0.001,0.3535166084766388,0.0,0.0890640839934349,0.04253153687571668,0.15920773560729926,0.6862840686051854,2,0.16595989591525107,13.197115553020655,-0.3280878366529942,-0.1674031360931056
300,100,0.001,0.360676646232605,0.0,0.0969611257314682,0.031608311526497936,0.15920773560729926,0.7411719812184866,2,0.1657943946146922,14.866531503146176,-0.356658428311348,-0.25585267560609404
310,100,0.001,0.3282296359539032,0.0,0.02827705629169941,0.02292339458826203,0.163105183887451,0.7875650961329098,2,0.17308448076260563,12.561967389125488,-0.315067950040102,-0.17594044846304563
320,100,0.001,0.36468663811683655,0.0,0.08096008747816086,0.0643588481819607,0.163105183887451,0.5843320529830819,2,0.21776383596530172,11.751147109847345,-0.40736358880996704,-0.36821566569865716
330,100,0.001,0.33172157406806946,0.0,0.038050223141908646,0.02477598788123906,0.163105183887451,0.7784784773078189,2,0.15327653925070714,14.550092606876918,-0.3007290695607662,-0.1360564510212313
340,100,0.001,0.33035996556282043,0.0,0.029114818200469017,0.02903928749459965,0.163105183887451,0.7575678010840519,2,0.1561151815778309,14.002855623387326,-0.32358841195702553,-0.15546110243076822
350,100,0.001,0.3831942677497864,0.0,0.1703016608953476,0.10538346534693173,0.163105183887451,0.38311408461597163,2,0.1798607757390791,15.381774792248509,-0.36910120263695717,-0.21879843838085183
360,100,0.001,0.34605705738067627,0.0,0.06448332965373993,0.050506311893047544,0.163105183887451,0.6522761168503441,2,0.17253461574221196,13.675595612857682,-0.3274594721198082,-0.1600513120629905
370,100,0.001,0.41790908575057983,0.0,0.1600141078233719,0.07561638406098099,0.163105183887451,0.5291159740788655,2,0.18561800377307788,12.222284462202829,-0.38151145458221436,-0.25348437603192786
380,100,0.001,0.4690228998661041,0.0,0.25764229893684387,0.09646570544417932,0.163105183887451,0.4268540060100385,2,0.23090070048299685,13.779794893573472,-0.49092200249433515,-0.3955909657726122
390,100,0.001,0.34789448976516724,0.0,0.08754759281873703,0.02696649837036042,0.163105183887451,0.7677344387093503,2,0.19751719510965465,12.60236024890261,-0.3796605636179447,-0.26635147656802877
400,100,0.001,0.3270891606807709,0.0,0.03081057406961918,0.015132904525371794,0.163105183887451,0.8257759727081926,2,0.1894548000500583,15.704661911038365,-0.33660609036684036,-0.3445634828111042
410,100,0.001,0.3524400591850281,0.0,0.06463613361120224,0.05408106796616458,0.163105183887451,0.6347426161342234,2,0.21735361067629308,13.252478006907857,-0.3628200976550579,-0.263084852164387
420,100,0.001,0.34350821375846863,0.0,0.052896879613399506,0.024941952374777886,0.163105183887451,0.7776644529361431,2,0.14246260220581217,13.027580658528505,-0.3206339044868946,-0.15576057995522036
430,100,0.001,0.33882710337638855,0.0,0.04345732927322388,0.038532905171678865,0.163105183887451,0.7110034064974019,2,0.14789490088758922,16.868112585447733,-0.30695630818605424,-0.15504138467903278
440,100,0.001,0.34004831314086914,0.0,0.0439276359975338,0.03193509222698685,0.163105183887451,0.7433644279557745,2,0.19945407981144817,14.173867542292719,-0.33949449002742765,-0.30601610632759896
450,100,0.001,0.3479972183704376,0.0,0.065488800406456,0.057168240268159164,0.163105183887451,0.6196006213629237,2,0.18822792520427062,17.28540768553501,-0.3442587345838547,-0.2026692922414979
460,100,0.001,0.33877772092819214,0.0,0.034855324774980545,0.031406518210374136,0.163105183887451,0.7459569832824156,2,0.19996231730465291,11.230017232288553,-0.33588275775313375,-0.20508714036061654
470,100,0.001,0.35039886832237244,0.0,0.05996471643447876,0.044623592477030904,0.163105183887451,0.6811297401420524,2,0.18760657690814103,14.105018929104624,-0.3495719681680203,-0.20060838371178843
480,100,0.001,0.3438323438167572,0.0,0.06449273228645325,0.04330730261266124,0.163105183887451,0.6875858923402705,2,0.1540535790958714,17.333774931358843,-0.32682486236095426,-0.18266797201798554
490,100,0.001,0.36149388551712036,0.0,0.06403247267007828,0.03886335001675207,0.163105183887451,0.7093826371891684,2,0.18877707867892987,13.3347977288132,-0.3504031653702259,-0.18829169134912038
500,100,0.001,0.3291827142238617,0.0,0.05643351376056671,0.030030664060217562,0.163105183887451,0.7527052870082171,2,0.17574274542806143,17.905683624241505,-0.31612347036600114,-0.19193537993761897
0,150,0.001,0.649499773979187,0.0,0.36619293689727783,0.0,0.0,0.9,1,0.13761668497121898,11.674104080129073,-0.5327047116061052,-0.13406952480555404
10,150,0.001,0.3844209909439087,0.0,0.10943596065044403,0.08045717378282734,0.08088268661218745,0.10420869134973565,2,0.20797157827191312,20.522603803478216,-0.39281398355960845,-0.4288883347903365
20,150,0.001,0.3312110900878906,0.0,0.04770367220044136,0.037812515412250086,0.12301340748338051,0.6540917453742842,2,0.16312380547890976,21.648833333767538,-0.30224783629179003,-0.1661267874610493
30,150,0.001,0.3912089467048645,0.0,0.10242179781198502,0.07718813517121323,0.12301340748338051,0.39801806648341753,2,0.18411342068574965,20.284454981381984,-0.36404146045446395,-0.21959674927875578
40,150,0.001,0.37469565868377686,0.0,0.09456007182598114,0.03817110324565379,0.12301340748338051,0.6517597209828639,2,0.20201410897664826,22.56123352608323,-0.3838633848230044,-0.28947654665354905
50,150,0.001,0.37970659136772156,0.0,0.12112487852573395,0.07563443391723657,0.12301340748338051,0.408122339087599,2,0.21096149485393814,21.558733073989064,-0.36817323486010234,-0.2853235830360994
60,150,0.001,0.3645087480545044,0.0,0.1548464000225067,0.08758554824725993,0.12301340748338051,0.3303999862187834,2,0.21557345838118594,20.41150836570677,-0.3606870723764102,-0.35458557501763416
70,150,0.001,0.3370482921600342,0.0,0.057620175182819366,0.03299058012429508,0.12301340748338051,0.6854505078806001,2,0.19454671043239852,22.75715931255242,-0.34347100764513017,-0.2388284559303194
80,150,0.001,0.35787642002105713,0.0,0.1293739229440689,0.07096781648367027,0.12301340748338051,0.43847101427048435,2,0.17927731311331122,20.26509785515488,-0.3495502597093582,-0.29211883835550734
90,150,0.001,0.34187906980514526,0.0,0.05651167780160904,0.03460404072312466,0.12301340748338051,0.674957598973593,2,0.20710915242067054,17.276339977028154,-0.35350952873627345,-0.30701089855476826
100,150,0.001,0.36068060994148254,0.0,0.08199908584356308,0.03388167737403732,0.12301340748338051,0.6796553851018892,2,0.20631232866013238,19.427108790455687,-0.35347564111153285,-0.3720246469601004
110,150,0.001,0.33942967653274536,0.0,0.054240625351667404,0.03477710261787695,0.12301340748338051,0.673832115836151,2,0.17898699933129328,21.09521997668426,-0.328877082268397,-0.22185552409322326
120,150,0.001,0.33523717522621155,0.0,0.06485506147146225,0.061320815527080394,0.12301340748338051,0.5012088972635603,2,0.17422939686787636,20.299746220975408,-0.32080361247062683,-0.16186325276083527
130,150,0.001,0.3818764388561249,0.0,0.1070438101887703,0.05386295001985455,0.13797643723436204,0.5876976904201996,2,0.18719640647074365,18.55748142578369,-0.38502539773782096,-0.2198874534682533
140,150,0.001,0.3763219714164734,0.0,0.1088385358452797,0.07809481011980159,0.1415017875382979,0.4584801493837526,2,0.18858106656636112,22.663117664587883,-0.3668148928880692,-0.2488901877393124
150,150,0.001,0.37775367498397827,0.0,0.09019412845373154,0.06458449478926309,0.1415017875382979,0.5348625926903823,2,0.17735913017033977,18.90679166836593,-0.36986312886079153,-0.2625593405166825
160,150,0.001,0.3907710015773773,0.0,0.12053563445806503,0.04918139848464418,0.14628039197622814,0.6310294410879806,2,0.19136316914823573,20.127501336813232,-0.3975147881110509,-0.2720655378230757
170,150,0.001,0.3447374403476715,0.0,0.07273592054843903,0.02893563554012192,0.14628039197622814,0.7417524856245985,2,0.18070401377146825,23.19396537642442,-0.3473173496127129,-0.2995998017239826
180,150,0.001,0.35122472047805786,0.0,0.08100271224975586,0.04961900907945465,0.14628039197622814,0.6286361710733279,2,0.19263268674909692,21.848371801996198,-0.3530896384517352,-0.26849776149773463
190,150,0.001,0.3547040522098541,0.0,0.08317512273788452,0.07181624344861572,0.14628039197622814,0.5072406288860014,2,0.19364697007029621,20.749064160600824,-0.350206112464269,-0.2445373570379174
200,150,0.001,0.3556191921234131,0.0,0.07792945206165314,0.055763039672953735,0.14628039197622814,0.5950347812466036,2,0.18734000513221757,19.34643314149423,-0.34718045900265376,-0.1909193647728999
210,150,0.001,0.36382392048835754,0.0,0.07268668711185455,0.03968042142699068,0.14628039197622814,0.6829897998444571,2,0.19211870299148376,22.534731776253174,-0.35383444527784985,-0.214377145753083
220,150,0.001,0.33779412508010864,0.0,0.03912883251905441,0.025642296601313983,0.14628039197622814,0.7597635882437007,2,0.18283891791906542,23.22047865595649,-0.3230066788196564,-0.9065676279985108
230,150,0.001,0.3751927614212036,0.0,0.09574196487665176,0.07920810378774996,0.14628039197622814,0.46681492184887236,2,0.22499737372471199,18.470732688321664,-0.3762741076946259,-0.27412251254175396
240,150,0.001,0.3603637218475342,0.0,0.09968127310276031,0.05217952087658224,0.14628039197622814,0.6146328627007679,2,0.18180375715664593,21.038803549785985,-0.3676501452922821,-0.21664905227017064
250,150,0.001,0.3605159819126129,0.0,0.08683552592992783,0.05059576255088609,0.14628039197622814,0.6232943561753193,2,0.1885725777498125,20.89496418620584,-0.3623997103174528,-0.5078803292532377
260,150,0.001,0.36948657035827637,0.0,0.07740029692649841,0.06075394365353133,0.14628039197622814,0.5677397820295457,2,0.17576638259558364,19.244065638261944,-0.346790555814902,-0.17649251274747765
270,150,0.001,0.3703674376010895,0.0,0.10212212800979614,0.06532808990042349,0.14628039197622814,0.5427240095936309,2,0.19388797900581947,20.421024046325932,-0.36173004895448685,-0.22882748483927634
280,150,0.001,0.3698251247406006,0.0,0.07964243739843369,0.05955497413485276,0.14628039197622814,0.574296885151738,2,0.18161228433336157,19.537752092180277,-0.34801044762134553,-0.1899863202648788
290,150,0.001,0.3861245810985565,0.0,0.1094488650560379,0.0774415160414915,0.14628039197622814,0.4764763000959065,2,0.17175226040480374,22.694187920587357,-0.36440633366505304,-0.7972419934711509
300,150,0.001,0.3672831952571869,0.0,0.1105685904622078,0.08570413003913091,0.14628039197622814,0.43128848572919554,2,0.20469027624644076,21.847243121003142,-0.36128382285435995,-0.2954528961649342
310,150,0.001,0.36115092039108276,0.0,0.11681992560625076,0.10300504010896044,0.14628039197622814,0.336670691307966,2,0.1871739459243244,19.39662031850169,-0.338506482342879,-0.19450477460679844
320,150,0.001,0.4206733703613281,0.0,0.15721410512924194,0.11960845087209203,0.14628039197622814,0.24586748500630506,2,0.22486907291104596,17.670045023852676,-0.43769207964340845,-0.30934907123410466
330,150,0.001,0.3559836149215698,0.0,0.07874492555856705,0.05993984781406383,0.14628039197622814,0.5721920306376833,2,0.21661718990107895,20.932135356921588,-0.389190353055795,-0.5053786969421071
340,150,0.001,0.3305149972438812,0.0,0.0439760684967041,0.030670082541289678,0.14628039197622814,0.7322668834725363,2,0.18728351399885262,18.361050019104596,-0.33586868236462275,-0.1885746318555169
350,150,0.001,0.35040611028671265,0.0,0.08167245239019394,0.0709308917426498,0.14628039197622814,0.5120825721923048,2,0.18355173500637711,23.12782540024449,-0.3195487552881241,-0.4908091309414822
360,150,0.001,0.36903250217437744,0.0,0.10778743773698807,0.0815457895250073,0.14628039197622814,0.45403023782840723,2,0.20598569197871688,18.650539280158643,-0.37223590215047203,-0.4908766336658103
370,150,0.001,0.37251555919647217,0.0,0.19008058309555054,0.08184451917967835,0.14628039197622814,0.4523965005892038,2,0.17264364655092712,22.403589435143946,-0.37158531268437706,-0.3895612339291224
380,150,0.001,0.3740444481372833,0.0,0.09261861443519592,0.0408767747464006,0.14628039197622814,0.6764470045825777,2,0.1880184737587062,22.18531555816748,-0.3657299706339836,-0.2151142866969359
390,150,0.001,0.3443940579891205,0.0,0.07474187016487122,0.025461805663119445,0.14628039197622814,0.7607506839754314,2,0.18758259332392213,21.77354017520321,-0.35837968279918037,-0.22178822592743558
400,150,0.001,0.34214547276496887,0.0,0.06043223664164543,0.04105000228509294,0.14628039197622814,0.6754996320121214,2,0.1689103564389123,22.998320239827542,-0.31298622518777847,-0.34306157670596216
410,150,0.001,0.36681100726127625,0.0,0.1096661314368248,0.061522467967972144,0.14628039197622814,0.5635367617665663,2,0.18268113088370735,17.60667233597112,-0.3451403358578682,-0.17915056681353078
420,150,0.001,0.34980422258377075,0.0,0.061891648918390274,0.04249053581469612,0.14628039197622814,0.6676214276395912,2,0.1966424284333946,19.135358690036323,-0.36346488813559213,-0.21428892971614683
430,150,0.001,0.3672957718372345,0.0,0.08787637948989868,0.0508250415221511,0.14628039197622814,0.6220404411800557,2,0.2193799317065165,18.96836822825473,-0.3775942927598953,-0.3622421891532972
440,150,0.001,0.36691445112228394,0.0,0.11250723898410797,0.0759629747247226,0.14628039197622814,0.4845623671171608,2,0.17931168572331235,24.606587601660237,-0.35807622750600177,-0.20847149929232817
450,150,0.001,0.3590514361858368,0.0,0.06891690194606781,0.03790248222290889,0.14628039197622814,0.6927132586351374,2,0.18415116547932964,21.638691573799413,-0.3683424753944079,-0.2152938296879587
460,150,0.001,0.42027080059051514,0.0,0.15555992722511292,0.09221938162291154,0.14628039197622814,0.39565690724756597,2,0.18350577944513446,21.69040057823125,-0.4008857613801956,-0.5659078340209714
470,150,0.001,0.37375935912132263,0.0,0.07575102150440216,0.04685282970220469,0.14628039197622814,0.6437642649477249,2,0.1737677529489413,24.063080546822174,-0.3634875656167666,-0.2174117938991866
480,150,0.001,0.39243391156196594,0.0,0.1531854122877121,0.07692089886459147,0.14628039197622814,0.47932352887273205,2,0.20646806414798385,23.405143685087218,-0.3640744604667028,-0.2257650405634585
490,150,0.001,0.36582639813423157,0.0,0.10903387516736984,0.07206219672274251,0.14628039197622814,0.5058955229791658,2,0.18270667262320428,25.34651662327554,-0.37801166782776513,-0.24017899295750847
500,150,0.001,0.3730466365814209,0.0,0.07660283148288727,0.05342205636048129,0.14628039197622814,0.6078374995376667,2,0.1790928633499716,21.905940279953704,-0.35246955255667367,-0.27723618678669626
0,200,0.001,0.6486302018165588,0.0,0.2969353497028351,0.0,0.0,0.9,1,0.1318438478313663,15.332451422273962,-0.531882201731205,-0.08912283168058101
10,200,0.001,0.31480392813682556,0.0,0.04482058808207512,0.03624015783039484,0.108468988986205,0.6327150687464869,2,0.2150336975283139,24.13252214706071,-0.32384716615080833,-0.22485086857847716
20,200,0.001,0.30531519651412964,0.0,0.028844483196735382,0.02717002493564191,0.108468988986205,0.699610744493268,2,0.19451645271232995,28.953210156846218,-0.29725683510303497,-0.8055421298756537
30,200,0.001,0.3342441916465759,0.0,0.0679980143904686,0.05552922994466614,0.108468988986205,0.49045083418835367,2,0.2135858278608976,27.1480105332905,-0.3786158137768507,-0.31979206445582475
40,200,0.001,0.3209363520145416,0.0,0.04256809875369072,0.03480262466582809,0.108468988986205,0.6433174219388786,2,0.18763208149152236,29.104664785892428,-0.3189915208518505,-0.19922793172175793
50,200,0.001,0.3165290653705597,0.0,0.05100477486848831,0.041945744888212295,0.14364628135110158,0.6663942596011205,2,0.17024297453485393,30.80679565463798,-0.3017349126935005,-1.6696133382669802
60,200,0.001,0.3283369839191437,0.0,0.0738709419965744,0.04894538450018254,0.14364628135110158,0.6274116167028381,2,0.18766561104711926,25.782492587099615,-0.3156505862623453,-0.20913547448894673
70,200,0.001,0.3246029019355774,0.0,0.08580377697944641,0.06156729233851448,0.14364628135110158,0.5571172368157244,2,0.18182047327192397,30.68112317595697,-0.3228711421787739,-0.2644437383922844
80,200,0.001,0.32555344700813293,0.0,0.059022899717092514,0.053786964896151306,0.14364628135110158,0.6004477142589737,2,0.21428940741778704,29.293255986447893,-0.3275642692297697,-0.6243305250345259
90,200,0.001,0.32246825098991394,0.0,0.08282753080129623,0.0812311378396325,0.14364628135110158,0.4476046462151758,2,0.1830293167543256,28.13663466191511,-0.3259951078891754,-0.27464210084610235
100,200,0.001,0.3144478499889374,0.0,0.037141576409339905,0.03651029498113246,0.14364628135110158,0.696665561334547,2,0.21835933119832027,24.830003853855303,-0.3205447178333998,-0.34740182598370717
110,200,0.001,0.30560439825057983,0.0,0.03431573510169983,0.029930459499233914,0.14364628135110158,0.7333102160795789,2,0.16751058071445898,31.258324794730726,-0.28279178649187087,-0.179314715017582
120,200,0.001,0.31476011872291565,0.0,0.03728019446134567,0.023189523057115292,0.14364628135110158,0.7708520800455099,2,0.20105881759901673,27.43857285543075,-0.33753315798938277,-0.27236727860284515
130,200,0.001,0.3086996376514435,0.0,0.05582583695650101,0.012303740723341393,0.14364628135110158,0.8314775677720834,2,0.18163225305938208,30.47454217470945,-0.3086932661384344,-0.1831170224297748
140,200,0.001,0.32091230154037476,0.0,0.06697504222393036,0.06883979960247784,0.14364628135110158,0.5166149296453059,2,0.18872671642227198,26.0161958651189,-0.2998361702263355,-0.1769303656122051
150,200,0.001,0.327595978975296,0.0,0.06510911136865616,0.038241467656720006,0.14364628135110158,0.6870242526459848,2,0.24477784191306218,29.012414761275103,-0.37625246308743954,-0.49074569081659775
160,200,0.001,0.3186791241168976,0.0,0.044651199132204056,0.04291686861880018,0.14364628135110158,0.6609858426399365,2,0.20795695971718267,24.461618373072383,-0.3156026246398687,-0.18794319591779465
170,200,0.001,0.3121660351753235,0.0,0.03181225061416626,0.01850606693289624,0.14364628135110158,0.796935351148208,2,0.194425161231073,26.85505431927797,-0.31820418007671836,-0.21292600666893255
180,200,0.001,0.31488916277885437,0.0,0.04524849355220795,0.04322540046249988,0.14364628135110158,0.6592675560777075,2,0.16990447540500223,31.80772276607669,-0.2868036780506372,-0.19682892296346283
190,200,0.001,0.32762613892555237,0.0,0.07163485139608383,0.034651357534646675,0.14364628135110158,0.7070184221479343,2,0.21469885241909467,26.188676713005517,-0.33142480030655863,-0.48381236862073945
200,200,0.001,0.30952581763267517,0.0,0.029237745329737663,0.03806150732114471,0.14364628135110158,0.6880264941736185,2,0.18475308818330227,29.286062313843413,-0.31149370558559897,-0.18083393581969717
210,200,0.001,0.3385654389858246,0.0,0.08763767033815384,0.09005748279075632,0.14364628135110158,0.3984486507067344,2,0.20439588095159292,28.72509417829451,-0.311244818046689,-0.22318416482490058
220,200,0.001,0.306363046169281,0.0,0.03245911747217178,0.018843153189808844,0.14364628135110158,0.7950580383281779,2,0.19137751716770648,32.51519431541393,-0.31647105142474174,-0.2205441288386668
230,200,0.001,0.3123389184474945,0.0,0.04543803259730339,0.045044427263117574,0.14364628135110158,0.6491369670585787,2,0.20484703038982932,25.504900325159657,-0.31685528345406055,-13.950688872051048
240,200,0.001,0.3221931755542755,0.0,0.09367501735687256,0.10229807735616295,0.14364628135110158,0.3302778943166651,2,0.20239091185880123,24.298118570361236,-0.31526669703423976,-0.23117399568950986
250,200,0.001,0.31613075733184814,0.0,0.05631733313202858,0.06494841740017628,0.14364628135110158,0.5382869543754982,2,0.20858823514021552,25.842828073642096,-0.3149233838170767,-0.2617156848064992
260,200,0.001,0.31485193967819214,0.0,0.054380033165216446,0.034932145423291074,0.14364628135110158,0.7054546482109921,2,0.18039394198688838,27.505177296757488,-0.3187599325925112,-0.28132522892076883
270,200,0.001,0.3125658929347992,0.0,0.04224696755409241,0.029800113210031513,0.14364628135110158,0.7340361452883348,2,0.1882112926823412,25.94193757188476,-0.2946273974329233,-0.31172858347470056
280,200,0.001,0.3009903132915497,0.0,0.02107522077858448,0.006347298425099094,0.14364628135110158,0.8646503989360645,2,0.17953517458156004,30.035647650371853,-0.3069832310080528,-0.36204797492519475
290,200,0.001,0.3108559846878052,0.0,0.05194801092147827,0.052779934930607536,0.14364628135110158,0.6060561015061583,2,0.1822574750451395,33.641428133075536,-0.3096331725269556,-0.32090934292248996
300,200,0.001,0.30677399039268494,0.0,0.030433986335992813,0.023259839186092035,0.14364628135110158,0.7704604729488813,2,0.1796373855143273,26.238461270498174,-0.28151384778320787,-0.17694213089694458
310,200,0.001,0.3126477003097534,0.0,0.033357370644807816,0.03280672066035593,0.14364628135110158,0.7172916397039506,2,0.19021565163004084,27.5705873813067,-0.30019717700779436,-0.14600892362557788
320,200,0.001,0.31509536504745483,0.0,0.06872431188821793,0.04837853809108725,0.14364628135110158,0.6305685179676042,2,0.19348054598662015,25.446635949863353,-0.3034035414457321,-0.32246041252079716
330,200,0.001,0.3124717175960541,0.0,0.06957432627677917,0.06955386070355925,0.14364628135110158,0.5126381550605961,2,0.17021998799848706,27.221057526859337,-0.30062268130481246,-0.169579754889074
340,200,0.001,0.3373429775238037,0.0,0.1337287575006485,0.0649262688612451,0.14364628135110158,0.5384103048094829,2,0.2063455229461379,29.39879141676091,-0.35172823801636693,-0.420686070820902
350,200,0.001,0.3097594678401947,0.0,0.04366379976272583,0.03645448816254054,0.14364628135110158,0.6969763626616235,2,0.21383245438846651,25.11266734748115,-0.30149345599114896,-0.22221140149250418
360,200,0.001,0.3303411900997162,0.0,0.07746562361717224,0.06515491064328198,0.14364628135110158,0.5371369448317023,2,0.17781652792362243,29.287543967954534,-0.31931809037923814,-0.8043733455680795
370,200,0.001,0.3220672309398651,0.0,0.08167504519224167,0.05397628948387099,0.14364628135110158,0.599393321003881,2,0.17408910162611033,31.03349612322454,-0.3009945321083069,-0.17578387053702638
380,200,0.001,0.3034801185131073,0.0,0.05186455696821213,0.020092223697989294,0.14364628135110158,0.7881016702471834,2,0.1695973687553923,31.889006666805557,-0.28540856920182706,-0.18462335229794594
390,200,0.001,0.30969667434692383,0.0,0.036127470433712006,0.040265645717000885,0.14364628135110158,0.675751127905173,2,0.18062996988627036,25.770099098348467,-0.30255387112498283,-0.1767238472210652
400,200,0.001,0.31688734889030457,0.0,0.06610292941331863,0.05751679763333092,0.14364628135110158,0.5796753965791968,2,0.2047327455563941,26.54629616626868,-0.3200973466038704,-0.36715037005091417
410,200,0.001,0.3162713050842285,0.0,0.05320188030600548,0.02674650238751735,0.14364628135110158,0.7510424237317036,2,0.19118264813006453,33.07424766232219,-0.30506991542875767,-0.7880134319054847
420,200,0.001,0.31775006651878357,0.0,0.0630960464477539,0.037303202190651454,0.14364628135110158,0.6922496741869726,2,0.16732376422350728,30.887608420226023,-0.30600513704121113,-0.24414054336489188
430,200,0.001,0.3290480077266693,0.0,0.07974826544523239,0.09703073054363727,0.14364628135110158,0.35961299029259874,2,0.20062864143806225,26.38889313407726,-0.3193889557570219,-0.2356012232249086
440,200,0.001,0.3300744891166687,0.0,0.09509502351284027,0.07666716046548867,0.14364628135110158,0.473022511996127,2,0.18881774393497405,28.816487125318858,-0.3307568085193634,-0.37857927407065
450,200,0.001,0.30410805344581604,0.0,0.025393057614564896,0.01795805843405881,0.14364628135110158,0.7999873396504261,2,0.18561579037875742,28.260916351072666,-0.3005720366537571,-0.21996704634270897
460,200,0.001,0.3076990246772766,0.0,0.043371010571718216,0.010845756545735389,0.14364628135110158,0.8395974253215726,2,0.20152180957012045,32.05686017877358,-0.32636573605239394,-0.2961047460422535
470,200,0.001,0.3163357079029083,0.0,0.05895943194627762,0.0488731160785874,0.14364628135110158,0.6278140965772374,2,0.21395387719184497,26.379630804493857,-0.31808134481310846,-0.2566475576451098
480,200,0.001,0.3189046382904053,0.0,0.07622890174388885,0.06528256553491574,0.14364628135110158,0.536426004650401,2,0.1662068899288314,30.768574435350484,-0.2956217034906149,-0.17676737815724003
490,200,0.001,0.33775070309638977,0.0,0.10167373716831207,0.10138455459018668,0.14364628135110158,0.3353655179286871,2,0.22711725165010282,25.27082211256667,-0.35516919299960137,-0.2939589467710689
500,200,0.001,0.3069927990436554,0.0,0.026311615481972694,0.024287269520852715,0.14364628135110158,0.7647384712369154,2,0.18979715896961877,25.88584678828969,-0.3041730884462595,-0.2675460952917817
0,250,0.001,0.6315919756889343,0.0,0.3451358675956726,0.0,0.0,0.9,1,0.14250919019099742,19.081745594167394,-0.5157758976221085,-0.08047762812995504
10,250,0.001,0.35241013765335083,0.0,0.07627055794000626,0.02138369613707834,0.09858053054075223,0.7264671856012094,2,0.19667326148979655,37.651619376078266,-0.34067488861083983,-0.3866038707985785
20,250,0.001,0.3443939685821533,0.0,0.08564726263284683,0.05060802821876674,0.09858053054075223,0.4893060997650373,2,0.1803644433305367,36.73648379754831,-0.3270262094140053,-0.254842504494276
30,250,0.001,0.3608914911746979,0.0,0.06196117773652077,0.041402217412263985,0.09858053054075223,0.5640130282508576,2,0.20101249766546073,34.185629842694034,-0.36755096793174746,-0.38477814749457306
40,250,0.001,0.3728805184364319,0.0,0.08830650895833969,0.04697895485747539,0.09858053054075223,0.5187567293478523,2,0.19043375163177023,34.48500858259049,-0.3700636553764343,-0.34174473058499955
50,250,0.001,0.37178197503089905,0.0,0.10166744887828827,0.07672656539880493,0.09858053054075223,0.2773491379855221,2,0.21943375545012883,33.308998911040085,-0.37287975853681565,-0.3829452203092188
60,250,0.001,0.3953295350074768,0.0,0.13095523416996002,0.0491560634598737,0.09858053054075223,0.5010890735504568,2,0.18368646255241405,37.56519984452939,-0.3825798943638802,-0.23707842026421538
70,250,0.001,0.398892879486084,0.0,0.13010181486606598,0.08100795718052062,0.09858053054075223,0.24260481873115725,2,0.2139041119512863,33.682787794595654,-0.3820103127360344,-0.3494542637142164
80,250,0.001,0.3664359152317047,0.0,0.08648396283388138,0.03555243084356934,0.09858053054075223,0.611485173402492,2,0.18689754703581798,32.77563611061326,-0.3599621114730835,-0.2740619887828328
90,250,0.001,0.3769077658653259,0.0,0.108991339802742,0.05390826414594209,0.09858053054075223,0.46252404932102137,2,0.20408141292696302,34.960455216667086,-0.3788911283016205,-0.3260564078159849
100,250,0.001,0.3723739683628082,0.0,0.08553294837474823,0.05808755816762257,0.09858053054075223,0.4286082730617098,2,0.1927172648926373,31.252787457187097,-0.3618402633666992,-0.2679580598998804
110,250,0.001,0.383965402841568,0.0,0.09273278713226318,0.07455708732044594,0.11098268475670933,0.3625677871542845,2,0.195229757333898,33.28136755317645,-0.3800582016706467,-0.3746382971311388
120,250,0.001,0.37081995606422424,0.0,0.10046431422233582,0.05270951997127784,0.12051486919407411,0.5501044538403257,2,0.21378689210891755,34.33080138249305,-0.3792927216887474,-0.3345872246156578
130,250,0.001,0.39833131432533264,0.0,0.11369859427213669,0.08111493712599659,0.12051486919407411,0.36154403904885046,2,0.18530065962125564,31.42472353552271,-0.39459013640880586,-0.49734782857173276
140,250,0.001,0.4005739986896515,0.0,0.11433155089616776,0.061250751104194145,0.12051486919407411,0.49340618123688973,2,0.19770997669186838,37.73734141245278,-0.40500789040327073,-0.28304403931867517
150,250,0.001,0.39805999398231506,0.0,0.08192548900842667,0.06076263152906645,0.12051486919407411,0.49664640929101733,2,0.18223489718729016,33.367819394475376,-0.38440732795000077,-0.3114601645848252
160,250,0.001,0.39110445976257324,0.0,0.09223996102809906,0.06293217508920083,0.12051486919407411,0.48224457771857887,2,0.20410212714021664,35.07502008302091,-0.38522423613071444,-0.3827597755509477
170,250,0.001,0.37376388907432556,0.0,0.1000906229019165,0.05414330788646314,0.12051486919407411,0.5405867043724065,2,0.20582628809700454,34.1719926762604,-0.3741664231419563,-0.2696995330674349
180,250,0.001,0.3722093999385834,0.0,0.11061465740203857,0.057412726083006994,0.12051486919407411,0.5188837014589396,2,0.17512833863409874,34.83786834091781,-0.36077637296915055,-0.21228108907243626
190,250,0.001,0.3599962294101715,0.0,0.08392639458179474,0.053491926989527115,0.12051486919407411,0.5449106912881592,2,0.19013894670507955,38.62480862072129,-0.35145030188560483,-0.269561917855499
200,250,0.001,0.3947394788265228,0.0,0.13655853271484375,0.09193456829283282,0.12051486919407411,0.2897213254587949,2,0.19793876003301833,35.67282464766027,-0.38313783931732176,-0.3344988200597065
210,250,0.001,0.3561171293258667,0.0,0.09482621401548386,0.07249832100948259,0.12051486919407411,0.4187427311215308,2,0.18014957613926844,37.80686760577222,-0.3331739930510521,-0.2568038272338121
220,250,0.001,0.3964502811431885,0.0,0.10711763054132462,0.05879149387519178,0.12051486919407411,0.509731185747608,2,0.18851996428747209,33.285663862835705,-0.39266294133663177,-0.3265317287706658
230,250,0.001,0.4132649302482605,0.0,0.15760578215122223,0.09556163391289066,0.12051486919407411,0.2656441927742502,2,0.2146355465975248,32.66845201283045,-0.4124766901731491,-0.4133980545883842
240,250,0.001,0.3865106701850891,0.0,0.0963452085852623,0.06334004788108921,0.12051486919407411,0.4795370426592722,2,0.19058285787665638,33.214709170095894,-0.3873467933535576,-0.2503423202764585
250,250,0.001,0.4083184003829956,0.0,0.1458069086074829,0.052238970002934634,0.12051486919407411,0.5532280515937975,2,0.21487359073709617,30.479123556175395,-0.43328026074171067,-0.32823745369188595
260,250,0.001,0.3802255690097809,0.0,0.0970688983798027,0.051570917694549474,0.12051486919407411,0.557662706423381,2,0.17946809163794594,36.365807218207514,-0.3745244005322456,-0.34627413025452547
270,250,0.001,0.3727826476097107,0.0,0.08060722798109055,0.03997472204337728,0.12051486919407411,0.6346403987444704,2,0.15347682196988613,37.6829346758512,-0.33477913397550585,-0.1439310893266373
280,250,0.001,0.4348360598087311,0.0,0.17101673781871796,0.05198808167639883,0.13165232705681665,0.5840886426324234,2,0.19185336343205106,38.423486923936146,-0.4402320728302002,-0.9957971403694856
290,250,0.001,0.40516865253448486,0.0,0.11549961566925049,0.07296256965827948,0.13165232705681665,0.4566348348599029,2,0.18545712930956618,35.630043316769225,-0.3934444064497948,-0.21400659224102322
300,250,0.001,0.4072977602481842,0.0,0.15002435445785522,0.06574015321475839,0.13165232705681665,0.5005226512319092,2,0.19573774463423624,39.900049866372825,-0.4100765813589096,-0.32651963044978843
310,250,0.001,0.4139414131641388,0.0,0.12663359940052032,0.08272595806496823,0.13165232705681665,0.3973065198960499,2,0.19006601990670782,33.990291212358116,-0.40691401463747023,-0.9358660709346809
320,250,0.001,0.3945569694042206,0.0,0.09329953044652939,0.05400930494961934,0.13165232705681665,0.5718064547309626,2,0.1868951230972116,35.17917381994622,-0.37213368284702303,-0.25327039462160633
330,250,0.001,0.3946302831172943,0.0,0.11308934539556503,0.06240362275207581,0.13165232705681665,0.5207974494813477,2,0.21089139415324618,33.24168870104043,-0.4098319929242134,-0.3311152755941837
340,250,0.001,0.3970470726490021,0.0,0.10846290737390518,0.059528062502311165,0.13165232705681665,0.5382711109899584,2,0.2025088382811007,30.815841494448534,-0.3905869398713112,-0.267058360833181
350,250,0.001,0.3861360251903534,0.0,0.10338054597377777,0.05226665665846129,0.13165232705681665,0.5823958507871735,2,0.22251653999049104,32.392730762891944,-0.4120719199180603,-0.42921022086676736
360,250,0.001,0.39097464084625244,0.0,0.10982868820428848,0.06179704488891209,0.13165232705681665,0.5244833872948248,2,0.18008541991734606,36.71091526051798,-0.38204542648792267,-0.393339097624594
370,250,0.001,0.41379666328430176,0.0,0.11550953984260559,0.07381649701367492,0.13165232705681665,0.4514458503611973,2,0.18195948554602848,35.9546919713643,-0.3828012375831604,-0.25254989220490737
380,250,0.001,0.39088794589042664,0.0,0.14014583826065063,0.07042108441918161,0.13165232705681665,0.472078452429996,2,0.21417695352774244,36.81087485973131,-0.3954102588891983,-0.3447403072504982
390,250,0.001,0.3958251476287842,0.0,0.10886944085359573,0.06158778105642797,0.13165232705681665,0.525755002234947,2,0.19587992833842888,33.35831966654046,-0.380086146235466,-0.22757232806089497
400,250,0.001,0.40047013759613037,0.0,0.11283399909734726,0.07876088585239172,0.13165232705681665,0.4214007219582152,2,0.20097175989391589,32.80539354372185,-0.41173994946479797,-0.5020311404327346
410,250,0.001,0.3831818401813507,0.0,0.09047537297010422,0.05323606708371741,0.13165232705681665,0.5765051205772151,2,0.17393257645367025,33.62154943633409,-0.3540567411184311,-0.17897626093408994
420,250,0.001,0.4262203276157379,0.0,0.15054576098918915,0.05371959412605774,0.13165232705681665,0.5735669147549564,2,0.19410248753642984,35.47757437226899,-0.4231304371356964,-0.4214218759321174
430,250,0.001,0.4164978861808777,0.0,0.1319659799337387,0.05900303557400412,0.13165232705681665,0.5414614954824738,2,0.20010054661528343,33.96222339629746,-0.3977400720119476,-0.24761458181905252
440,250,0.001,0.41465771198272705,0.0,0.1391831785440445,0.06566209773504915,0.13165232705681665,0.5009969640311083,2,0.21081833906816733,35.30035608713778,-0.4199424549341202,-1.1513437043358483
450,250,0.001,0.364810049533844,0.0,0.05911144241690636,0.04163665370209102,0.13165232705681665,0.646990245396136,2,0.20083264052482266,35.37018643228572,-0.34589827424287795,-0.3240921025365124
460,250,0.001,0.3644472062587738,0.0,0.06282045692205429,0.04258806194999306,0.13165232705681665,0.6412089074180147,2,0.15699347410194825,38.28919568071508,-0.3369752289652824,-0.6484700813332689
470,250,0.001,0.41165170073509216,0.0,0.14044015109539032,0.08580424704627665,0.13165232705681665,0.3786009547146312,2,0.18936317099772124,34.64165111703102,-0.3891823233962059,-0.2852901355222466
480,250,0.001,0.4035942554473877,0.0,0.11567540466785431,0.06060698230700968,0.13165232705681665,0.5317149348626172,2,0.18819039002241184,31.15590443016942,-0.400275767326355,-0.3050349019650112
490,250,0.001,0.4073127806186676,0.0,0.15499934554100037,0.061007999283609116,0.13165232705681665,0.5292781106267562,2,0.19360631100730843,36.477209415544735,-0.40300939232110977,-0.3210704582252777
500,250,0.001,0.38448596000671387,0.0,0.10312516987323761,0.05353468300581755,0.13165232705681665,0.57469054773205,2,0.15894116002905812,37.55903866436139,-0.34995611757040024,-0.20618217313413023
